:020000040FFEED
:1000000000E001201506FE0F2D83FE0F2F83FE0F4B
:100010004184FE0F6584FE0F8984FE0FB184FE0FBC
:10002000000000000000000000000000C179FE0F89
:10003000AD84FE0F000000006579FE0FB576FE0F5F
:100040007506FE0F7506FE0F7506FE0F7506FE0F90
:100050007506FE0F7506FE0F7506FE0F7506FE0F80
:100060008D06FE0F9106FE0F7506FE0F7506FE0F3C
:100070009506FE0F9906FE0F9D06FE0F7506FE0FF4
:10008000A106FE0FA506FE0F7506FE0FA906FE0FC0
:10009000AD06FE0F01A3FE0F7506FE0F7506FE0FDF
:1000A0007506FE0F7506FE0F7506FE0F7506FE0F30
:1000B0007506FE0F7506FE0F7506FE0F7506FE0F20
:1000C0007506FE0F7506FE0F7506FE0F7506FE0F10
:1000D0007506FE0F7506FE0F7506FE0F7506FE0F00
:1000E0007506FE0F7506FE0F7506FE0F7506FE0FF0
:1000F0007506FE0FB106FE0F7506FE0F7506FE0FA4
:100100007506FE0F7506FE0F7506FE0FB506FE0F8F
:10011000B906FE0FBD06FE0FC106FE0FC506FE0F97
:100120007506FE0F7506FE0F7506FE0F7506FE0FAF
:100130007506FE0FC906FE0FCD06FE0FD106FE0F97
:100140007506FE0FD506FE0FD906FE0F7506FE0FCB
:10015000DD06FE0FE106FE0FE506FE0FE906FE0FC7
:100160007506FE0F7506FE0F7506FE0F7506FE0F6F
:100170007506FE0F7506FE0F7506FE0F7506FE0F5F
:100180007506FE0F7506FE0F7506FE0F7506FE0F4F
:100190007506FE0F7506FE0FED06FE0FF106FE0F4B
:1001A0007506FE0F7506FE0F7506FE0F7506FE0F2F
:1001B0007506FE0F7506FE0FF506FE0FFD06FE0F17
:1001C0000907FE0F1507FE0F2107FE0F2D07FE0F73
:1001D0003907FE0F4507FE0F5107FE0F5D07FE0FA3
:1001E0006907FE0F7507FE0F8107FE0F8D07FE0FD3
:1001F0009907FE0FA507FE0FB107FE0FBD07FE0F03
:10020000C907FE0FD507FE0FE107FE0FED07FE0F32
:10021000F907FE0F0508FE0F1108FE0F1D08FE0F5F
:100220002908FE0F3508FE0F4108FE0F4D08FE0F8E
:100230005908FE0F6508FE0F7506FE0F7108FE0FC8
:100240007508FE0F7908FE0F7D08FE0F8108FE0F6E
:100250008508FE0F8908FE0F8D08FE0F9108FE0F1E
:100260009508FE0F9908FE0F9D08FE0FA108FE0FCE
:10027000A508FE0FA908FE0FAD08FE0FB108FE0F7E
:10028000B508FE0FB908FE0FBD08FE0FC108FE0F2E
:10029000C508FE0FC908FE0FCD08FE0FD108FE0FDE
:1002A000D508FE0FD908FE0FDD08FE0FE108FE0F8E
:1002B000E508FE0FE908FE0FED08FE0FF108FE0F3E
:1002C0007506FE0F7506FE0F7506FE0F7506FE0F0E
:1002D0007506FE0F7506FE0F7506FE0F7506FE0FFE
:1002E0007506FE0F7506FE0FF508FE0FF908FE0FE6
:1002F0007506FE0F7506FE0F7506FE0F7506FE0FDE
:100300007506FE0F7506FE0F7506FE0FFD08FE0F43
:100310000109FE0F0509FE0F0909FE0F7506FE0F04
:100320000D09FE0F7506FE0F7506FE0F7506FE0F12
:100330007506FE0F7506FE0F7506FE0F1109FE0FFE
:100340001509FE0F1909FE0F1D09FE0F2109FE0FE9
:100350002509FE0F2909FE0F2D09FE0F3109FE0F99
:100360003509FE0F3909FE0F3D09FE0F7506FE0F18
:100370007506FE0F4109FE0F7506FE0F7506FE0F8E
:100380007506FE0F7506FE0F4509FE0F4909FE0FA3
:100390007506FE0F7506FE0F7506FE0F7506FE0F3D
:1003A0007506FE0F7506FE0F7506FE0F7506FE0F2D
:1003B0007506FE0F7506FE0F7506FE0F7506FE0F1D
:1003C0007506FE0F7506FE0F7506FE0F7506FE0F0D
:1003D0007506FE0F7506FE0F7506FE0F7506FE0FFD
:1003E0007506FE0F7506FE0F7506FE0F7506FE0FED
:1003F0007506FE0F7506FE0F7506FE0F7506FE0FDD
:100400007506FE0F7506FE0F7506FE0F7506FE0FCC
:100410007506FE0F7506FE0F7506FE0F7506FE0FBC
:100420007506FE0F7506FE0F7506FE0F7506FE0FAC
:100430007506FE0F7506FE0F7506FE0F7506FE0F9C
:100440007506FE0F7506FE0F7506FE0F7506FE0F8C
:100450007506FE0F7506FE0F7506FE0F7506FE0F7C
:100460007506FE0F7506FE0F7506FE0F7506FE0F6C
:040470007506FE0F00
:100478000100000002000000000000000000000071
:10048800180000005C0000000300000007000000E6
:100498000000000001000000000000000000000053
:1004A80000020000000000A400100000000100008D
:1004B8000000000000000000008000A40010000000
:1004C800000100000100000000000000030000001F
:1004D800070000000100000001000000000000000B
:1004E8000000000000020000000001A4001000004D
:1004F800000100000200000000000000008001A4CC
:1005080000100000000100000300000000000000CF
:100518000348044B834202D0034B03B1184770478A
:10052800A4340020A434002000000000064B074932
:10053800C91A891048BF0131491003D0044B0BB1C7
:1005480001481847704700BFA4340020A434002095
:100558000000000010B5064C237843B9FFF7D8FF18
:10056800044B13B1044800E000BF0123237010BD01
:10057800B034002000000000282AFF0F08B5044B03
:100588001BB10449044800E000BFBDE80840CDE7BE
:1005980000000000B4340020282AFF0FA3F5803A99
:1005A800704700BF154B002B08BF114B9D46FFF746
:1005B800F5FF00218B460F461148124A121A04F023
:1005C800F7FA0C4B002B00D098470B4B002B00D0B0
:1005D80098470020002104000D000B4804F004FA9D
:1005E80004F03CFA2000290007F09AFD04F008FA0C
:1005F80000000800000000000000000000E00120EA
:10060800B034002094C80020314AFE0F72B60E485C
:100618000E4901600A6882F308880D4880470D4931
:100628000D4A0E4B9A42BEBF51F8040B42F8040B18
:10063800F8E700200A490B4A9142BCBF41F8040B75
:10064800FAE762B60848804708ED00E00000FE0FB0
:1006580029FEFE0F7838FF0F00300020A434002058
:1006680098C8002000E00120AD05FE0FFFF7FEBF8F
:10067800B4480047B4480047B4480047B448004766
:10068800B4480047B4480047B4480047B448004756
:10069800B4480047B4480047B4480047B448004746
:1006A800B4480047B4480047B4480047B448004736
:1006B800B4480047B4480047B4480047B448004726
:1006C800B4480047B4480047B4480047B448004716
:1006D800B4480047B4480047B4480047B448004706
:1006E800B4480047B4480047B44800474FF00000FA
:1006F800B34908474FF000004FF00001B04A1047D7
:100708004FF000004FF00101AD4A10474FF00000D4
:100718004FF00201AA4A10474FF000004FF00301C2
:10072800A74A10474FF000004FF00401A44A1047B1
:100738004FF000004FF00501A14A10474FF00000AC
:100748004FF006019E4A10474FF000004FF0070196
:100758009B4A10474FF000004FF00801984A104795
:100768004FF000004FF00901954A10474FF0000084
:100778004FF00A01924A10474FF000004FF00B016A
:100788008F4A10474FF000004FF00C018C4A104779
:100798004FF000004FF00D01894A10474FF000005C
:1007A8004FF00E01864A10474FF000004FF00F013E
:1007B800834A10474FF000004FF01001804A10475D
:1007C8004FF000004FF011017D4A10474FF0000034
:1007D8004FF012017A4A10474FF000004FF0130112
:1007E800774A10474FF000004FF01401744A104741
:1007F8004FF000004FF01501714A10474FF000000C
:100808004FF016016E4A10474FF000004FF01701E5
:100818006B4A10474FF000004FF01801684A104724
:100828004FF000004FF01901654A10474FF00000E3
:100838004FF01A01624A10474FF000004FF01B01B9
:100848005F4A10474FF000004FF01C015C4A104708
:100858004FF000004FF01D01594A10474FF00000BB
:100868004FF01E01564A1047564800475648004761
:1008780056480047564800475648004756480047DC
:1008880056480047564800475648004756480047CC
:1008980056480047564800475648004756480047BC
:1008A80056480047564800475648004756480047AC
:1008B800564800475648004756480047564800479C
:1008C800564800475648004756480047564800478C
:1008D800564800475648004756480047564800477C
:1008E800564800475648004756480047564800476C
:1008F800564800475648004756480047564800475C
:10090800564800475648004756480047564800474B
:10091800564800475648004756480047564800473B
:10092800564800475648004756480047564800472B
:10093800564800475648004756480047564800471B
:10094800564800472D83FE0F2F83FE0FC179FE0FF7
:100958006579FE0FB576FE0F7506FE0F7506FE0F5C
:100968007506FE0F7506FE0F7506FE0F7506FE0F5F
:100978007506FE0FC193FE0FD993FE0F7506FE0F85
:100988007506FE0F7506FE0F7506FE0F7506FE0F3F
:100998007506FE0F7506FE0F7506FE0F7506FE0F2F
:1009A8007506FE0F7506FE0FF193FE0F0994FE0FF4
:1009B8002194FE0F3994FE0F7506FE0F7506FE0F83
:1009C8007506FE0F7506FE0F7506FE0F7506FE0FFF
:1009D8007506FE0F7506FE0F7506FE0F7506FE0FEF
:1009E8007506FE0F7506FE0F7506FE0F7506FE0FDF
:1009F8007506FE0F7506FE0F7506FE0F7506FE0FCF
:100A08007506FE0F7506FE0F7506FE0F7506FE0FBE
:100A18007506FE0F7506FE0F7506FE0F7506FE0FAE
:100A28007506FE0F7506FE0F7506FE0F7506FE0F9E
:100A38007506FE0F7506FE0F7506FE0F7506FE0F8E
:100A48007506FE0F7506FE0F7506FE0F7506FE0F7E
:100A58007506FE0F7506FE0F7506FE0F7506FE0F6E
:100A68007506FE0F7506FE0F7506FE0F7506FE0F5E
:100A78007506FE0F7506FE0F7506FE0F7506FE0F4E
:100A88007506FE0F7506FE0F7506FE0F7506FE0F3E
:100A98007506FE0F7506FE0F5194FE0F6994FE0F42
:100AA80051EC100B2C4A21F00043934200B585B05D
:100AB80020DD2A4A934209DD10EE102A0B4602F087
:100AC800D7FF41EC100B05B05DF804FB684600F059
:100AD800BFFA00F00300012817D002282FD028B34E
:100AE80001209DED021B9DED000B01F0E5FD51EC91
:100AF800100BE6E79FED161B01F086F851EC100B82
:100B080041EC100B05B05DF804FB9DED021B9DED5B
:100B1800000B01F0D1FD10EE100A53EC102B03F17D
:100B2800004141EC100B05B05DF804FB9DED021B84
:100B38009DED000B01F068F851EC100BC1E79DED3D
:100B4800021B9DED000B01F05FF8E4E7AFF30080B6
:100B58000000000000000000FB21E93FFFFFEF7FDD
:100B680051EC100B2C4A21F00043934200B585B09C
:100B780027DD2A4A934209DD10EE102A0B4602F0BF
:100B880077FF41EC100B05B05DF804FB684600F0F8
:100B98005FFA00F0030001281FD0022830D028B3E4
:100BA8009DED021B9DED000B01F02EF810EE100AD2
:100BB80053EC102B03F1004141EC100B05B05DF82C
:100BC80004FB00209FED121B01F076FD51EC100B89
:100BD80041EC100B05B05DF804FB9DED021B9DED8B
:100BE800000B01F011F851EC100BCAE701209DED44
:100BF800021B9DED000B01F05FFD51EC100BC0E7EF
:100C080001209DED021B9DED000B01F055FDCDE788
:100C18000000000000000000FB21E93FFFFFEF7F1C
:100C280010EE103A204A23F00043934200B583B0F7
:100C380019DDB3F1FF4F04DB30EE400A03B05DF875
:100C480004FB684600F0A6FE00F00300012811D05E
:100C580002281FD0B8B10120DDED010A9DED000A80
:100C680002F0C8F9EAE7DFED110A01F0EFFD03B081
:100C78005DF804FBDDED010A9DED000A02F0BAF90A
:100C8800B1EE400ADAE7DDED010A9DED000A01F058
:100C9800DDFDD3E7DDED010A9DED000A01F0D6FD8B
:100CA800B1EE400ACAE700BFD80F493F0000000074
:100CB80010EE103A214A23F00043934200B583B066
:100CC8001ADDB3F1FF4F04DB30EE400A03B05DF8E4
:100CD80004FB684600F05EFE00F00300012813D014
:100CE800022820D0B8B1DDED010A9DED000A01F01F
:100CF800ADFDB1EE400AE9E70020DFED110A02F090
:100D080079F903B05DF804FBDDED010A9DED000AF9
:100D180001F09CFDDAE70120DDED010A9DED000AF6
:100D280002F068F9D2E70120DDED010A9DED000A25
:100D380002F060F9B1EE400AC8E700BFD80F493F9A
:100D48000000000010EE103A134A23F000439342CB
:100D580000B583B018DDB3F1FF4F04DB30EE400A75
:100D680003B05DF804FB684600F014FEDDED010AEF
:100D780040009DED000A00F00200C0F1010002F001
:100D880081F903B05DF804FB0120DFED040A02F0ED
:100D980079F903B05DF804FBDA0F493F0000000061
:100DA80000F06EB838B52DED028B55EC104B00F005
:100DB80069FB184BB0EE408AF0EE608A93F9003078
:100DC80001330DD022462B462046294603F0A2FACD
:100DD80030B9204629460022002303F073FA30B9BF
:100DE800B0EE480AF0EE680ABDEC028B38BD03F09D
:100DF80001FE21210022002301601046194603F05C
:100E080019F941EC180BB0EE480AF0EE680ABDEC8F
:100E1800028B38BD0030002008B52DED028BB0EEF6
:100E2800408A00F0FBFB134BF0EE408A93F9003048
:100E380001330FD0B4EE488AF1EE10FA0AD6B0EEBC
:100E4800480A02F087FDF7EE007AB4EEE70AF1EE01
:100E580010FA04DCB0EE680ABDEC028B08BD03F0A2
:100E6800C9FD2123BDEC028B03600348BDE808409F
:100E780002F07CBD00300020242AFF0F00F0D0BC17
:100E880051EC110B43422DE9F047034321F0004E8A
:100E98006D4F4EEAD373BB4255EC104B1CD86342DE
:100EA80025F00049AA46234349EAD373BB4213D825
:100EB800664B0B4403434BD08E1759EA040306F0E4
:100EC800020646EAD5760FD1022E45D0032E38D138
:100ED8004BA1D1E9000103E022462B4602F0CAFDEE
:100EE80041EC100BBDE8F0875EEA000322D0BE4556
:100EF8003AD0B9451ED0A9EB0E0E4FEA2E5EBEF1D0
:100F08003C0F2DDC00295ADA1EF13C0F57DA00207D
:100F18000021012E45D0022E36D0002EE0D03AA373
:100F2800D3E9002302F0A4FD39A3D3E9002302F09A
:100F38009FFDD5E7BAF1000F22DB37A1D1E9000107
:100F4800CEE710EE100A294641EC100BBDE8F087F9
:100F5800BDE8F04702F074B92DA1D1E90001BFE75F
:100F68002DA1D1E90001D4E7F1451ED0022EF3D01E
:100F7800032EADD0012E4FF000002FD00021AFE797
:100F880027A1D1E90001ABE71FA3D3E9002302F0B1
:100F98006FFD02460B461EA1D1E9000102F068FD73
:100FA8009EE701F1004319469AE7022E21D0032E4D
:100FB8001BD0012E15D01CA1D1E9000190E70246F3
:100FC8000B462046294603F035F841EC100B02F099
:100FD800D1FA02F035F951EC100B9AE74FF00041C5
:100FE8007EE713A1D1E900017AE713A1D1E9000155
:100FF80076E713A1D1E9000172E700BFAFF30080E3
:10100800182D4454FB2109C0075C143326A6A13CC3
:10101800182D4454FB210940182D4454FB21F93F55
:10102800182D4454FB21F9BF182D4454FB21E93FE6
:10103800182D4454FB21E9BFD221337F7CD902C04B
:10104800D221337F7CD902400000F07F000010C01D
:1010580053EC102B2DE9F04F994923F000458FB040
:101068008D4240F3888097491E4604468D4229DC0C
:10107800002E194610EE100A87A3D3E9002340F387
:10108800AE8102F0F5FC904B804689469D4200F007
:101098008880012782A3D3E9002302F0E9FC0246F5
:1010A8000B4640464946C4E9002302F0E1FC7CA314
:1010B800D3E9002302F0DCFCC4E9020138460FB092
:1010C800BDE8F08F81498D4240F38B8080498D4285
:1010D8005CDC2F1510EE100A10EE108AA7F21647E6
:1010E800A5EB0759494603F02BF902F00FFE82469B
:1010F8008B464046494652465B46CDE908AB02F06E
:10110800B7FC0022734B02F06BFE8946804603F061
:1011180017F9054602F0FAFD02460B4640464946D5
:10112800CDE90A2302F0A4FC00226A4B02F058FE23
:1011380000220023CDE90C0103F0BAF8002800F0E2
:101148004C81002D0CBF01230223634902203A463B
:1011580001912146009008A800F09AFE002E07464B
:10116800ACDA62684742E36802F1004203F10043E7
:101178006260E360A2E700270024002580ED000BF1
:10118800C0E9024538460FB0BDE8F08F10EE100AEE
:10119800194602F06DFC0027C4E90201C4E9000108
:1011A8008CE741A3D3E9002302F062FC06460F4610
:1011B8003FA3D3E9002302F05BFC02460B4630460E
:1011C80039460127C4E9002302F052FC38A3D3E9C9
:1011D800002302F04DFCC4E9020138460FB0BDE817
:1011E800F08F02F0C7F910EE100A59EC108B32A3F9
:1011F800D3E90023494602F0F3FD0022374B02F001
:1012080039FC03F09DF8074602F080FD22A3D3E9DC
:101218000023CDE9040102F0E3FD02460B464046F7
:10122800494602F025FC82468B461DA3D3E90023DC
:10123800DDE9040102F0D4FD1F2FCDE9020151DCE4
:1012480002460B465046594602F012FC244B7A1EC1
:101258008046894653F82230AB424BD042464B4633
:1012680050465946C4E9008902F002FCDDE9022330
:1012780002F0FEFB002EC4E90201BFF61FAF09F120
:10128800004501F100437F42C4E90085C4E9020337
:1012980014E700BFAFF3008000004054FB21F93F82
:1012A8003163621A61B4D03D0000601A61B4D03D68
:1012B8007370032E8A19A33B83C8C96D305FE43F5E
:1012C800FB21E93F7BD90240FB21F93FFB21394152
:1012D800FFFFEF7F00007041E0FEFE0F0000E03FDF
:1012E80060FEFE0FDDE902235046594602F0C0FBBE
:1012F800804689462D15C9F30A53EB1A102BADDD2C
:1013080057A3D3E90023DDE9040102F069FD804613
:10131800894602460B465046594602F0A9FB02464A
:101328000B4650465946CDE9062302F0A1FB42463A
:101338004B4602F09DFB804689464BA3D3E9002328
:10134800DDE9040102F04CFD42464B4602F090FBF9
:101358000B460246DDE906ABCDE902015046594687
:1013680002F086FBC1F30A5380468946ED1A312DF7
:101378007FF774AF3FA3D3E90023DDE9040102F04E
:101388002FFD8046894602460B46DDE9060102F03C
:101398006FFB02460B4682468B46DDE9060102F0EA
:1013A80067FB42464B4602F063FB8046894633A3FF
:1013B800D3E90023DDE9040102F012FD42464B4661
:1013C80002F056FB02460B4650465946CDE9022329
:1013D80002F04EFB8046894640E70323B5E602F05B
:1013E80049FB234B804689469D4216D04FF0FF3774
:1013F80019A3D3E9002302F03DFB02460B46404601
:101408004946C4E9002302F033FB13A3D3E90023C0
:1014180002F030FBC4E9020150E611A3D3E900232E
:1014280002F028FB0F4606460FA3D3E9002302F07B
:1014380021FB02460B46304639464FF0FF37C4E9D8
:10144800002302F015FB08A3D3E9002302F012FBE6
:10145800C4E9020132E600BF3163621A61B4D03DCB
:101468000000601A61B4D03D7370032E8A19A33B43
:10147800FB21F93F0000002E8A19A33BC149202512
:101488009A837B39634A2DE9F04155EC104BAA4306
:1014980000F09880002D2B4610EE100A5ADD5FEA06
:1014A800255E00F0AB80C3F31301AEF2FF3EC30F1D
:1014B80041F480111EF0010F4FEA400203EB410393
:1014C80003D0D10F820001EB43034FF0000C4FEA29
:1014D8006E0E16244FF4001165466818984202DC17
:1014E8001B1A45188C445B00013C4FEA510103EB81
:1014F800D2734FEA4202F0D1274620264FF000412E
:1015080014E00AD1904208D8002800EB01041CDB43
:10151800A8460023121A0F444546D00F013E4FEA51
:10152800510100EB43034FEA420234D0AB4201EBD6
:101538000400E6DD002800EB010406DBA8465B1B7F
:10154800904288BF03F1FF33E4E7002CF6DB05F196
:101558000108F4E725F0004222432CD0002D41D1A8
:10156800C40A153B40052246002CF9D0E5024BD4AD
:10157800002100E0294652004D1CD402FAD5144639
:101588000246A840C5F1200522FA05F5A3EB010E95
:1015980045EA040387E713430FD17E081E491CF070
:1015A800010F01EB6C0118BF46F0004601EB0E532A
:1015B800324643EC102BBDE8F0817B1C21D07E1C09
:1015C8007608EBE710EE102A2B4610EE100A294693
:1015D80002F006FC22462B4602F04CFA41EC100BB6
:1015E800BDE8F08110EE102A294602F041FA0246C1
:1015F8000B4602F01FFD41EC100BDCE72A46734650
:10160800B6E70CF1010CC9E7024620254FF0FF317F
:10161800BAE700BF0000F07F0000E03F38B510EEE9
:10162800105A25F00044B4F17E5F2DED048B00F0D4
:1016380088807FDCB4F17C5F0EDAB4F1485F80F219
:101648009C80DFED677AB7EE007A70EE277AF4EEC9
:10165800C77AF1EE10FA6ADC02F07CF9F7EE007A4C
:10166800B6EE008A9FED5F4ADFED5F6A37EEC00A8B
:10167800DFED5E3ADFED5E4A9FED5E5A20EE088AA6
:10168800DFED5D5A9FED5D6A9FED5D7AE8EE046AD5
:10169800DFED5C8AE8EE234AB0EE480AB0EE664A0F
:1016A800DFED596AE4EE885AA4EE085AE5EE886A36
:1016B800A5EE086AE6EE887AA6EE087AB0EE679A92
:1016C800E7EE088A00F09CFA504B9C4268EE888A44
:1016D80044DC10EE103ADFED4E7AC8EE895A9FEDE1
:1016E8004D7A23F47F6323F00F0306EE903A05EE5C
:1016F800103AB1EE666A70EE264AF0EE006AA6EE7F
:10170800058AB0EE675A30EE000AA6EE265AB0EE09
:10171800456A88EE245AA5EE667A90EE257A37EE69
:10172800460A37EEC00A002DD8BFB1EE400ABDEC1C
:10173800048B38BD70EE407ABDEC048B87EEA70AA7
:1017480038BDDFED347A9FED347A60EE277ABDEC50
:10175800048BE0EE077AB0EE670A38BD88EE896A36
:101768009FED2E7ADFED2C7AF0EE006AA0EE060AE5
:10177800A0EE267A37EEC70AD5E760EE007A9FED2D
:10178800196A9FED197AF7EE006A9FED1A4AA7EEDB
:10179800867ADFED173A9FED156A9FED185AE7EE46
:1017A800863ADFED154A9FED166ADFED175AA7EE68
:1017B800274A9FED147ABDEC048BE3EEA74AA4EE0A
:1017C800275AE4EEA75AA5EE276AE5EEA76AA6EE21
:1017D800277A67EE277A87EEA67AA0EE070A38BD41
:1017E800CAF2497108EF1138047F4F3A2EC69D3D61
:1017F800613330BF461124BD2D570140A80A4E3E23
:1018080090B0A6BEABAA2A3E39D119C09999793FA2
:10181800DB0F493F2EBD3BB3DB0FC93F2EBD3B332A
:1018280010B582B0CDED010A8DED000ADDE9001298
:1018380022F00040B0F1FF4F2ADC21F00043B3F161
:10184800FF4F25DCB2F17E5F46D0941704F0020406
:1018580044EAD1748BB1B0B3B0F1FF4F20D0B3F1EB
:10186800FF4F30D01B1ADB153C2B3ADC002A4CDA30
:101878003C334ADA9FED3C0A35E0022C15D0032CA4
:101888009FED3A0ADDED007A00FE270A02B010BD8E
:10189800DDED017A9DED007A37EE870A02B010BDC2
:1018A800B3F1FF4F4DD0022C03D19FED310A02B0A6
:1018B80010BD032C26D0012C9FED2E0ADFED2A7ACD
:1018C80000FE270AE2E70029DFED2B7A9FED2B0ABD
:1018D80020FE270A02B010BD02B0BDE8104001F09A
:1018E80067BF9FED260A012C24D0022C19D0002CAA
:1018F800CCD09FED237ADFED1E7A30EE070A30EE6A
:10190800670AC3E79FED190AC0E7009B9DED010A2E
:1019180007EE903A87EE800A02F01CF801F048FFC3
:10192800E1E79FED177ADFED127A30EE070A37EE1E
:10193800C00AABE710EE103A03F1004300EE103A8C
:10194800A4E7022C0CD0032C07D0012C9FED0D0A24
:10195800DFED0D7A00FE270A98E79FED0C0A95E760
:101968009FED0B0A92E700BF00000000DB0F49C0A3
:10197800DB0F494000000080DB0FC9BFDB0FC93F08
:101988002EBDBB33DB0F49BFDB0F493FE4CB16C08D
:10199800E4CB164010EE103A8B4A70B523F00044A1
:1019A80086B00546944268DD884A10EE106A944273
:1019B8001ADC002B24F00F04DFED857A854A40F30A
:1019C800E780944270EE677A66D09FED837A0120B3
:1019D80077EEC76A77EEE67AC5ED006A77EEC77AE2
:1019E800C5ED017A06B070BD7C4A94425CDDB4F165
:1019F800FF4F49DAE215DFED7A6A863AA4EBC25363
:101A080007EE903ABDEEE77AB8EEC77A77EEC77A76
:101A18008DED037A67EEA67ABDEEE77AB8EEC77A5F
:101A280077EEC77A8DED047A67EEA67AF5EE407AFE
:101A3800CDED057AF1EE10FA40F09780B5EE407AD8
:101A4800F1EE10FA14BF0223012366490220019126
:101A58002946009003A800F07BFF002EC2DA95ED1E
:101A6800007A4042D5ED017AB1EE477AF1EE677A15
:101A780085ED007AC5ED017AB4E70022002085EDF6
:101A8800000A6A6006B070BD70EE407A0020C5EDAD
:101A9800017AC5ED007AA5E7DFED536A01209FEDD5
:101AA800537A77EEE67A93E701F054FFB6EE007AC0
:101AB800DFED4F6ADFED465AA0EE267ADFED467A73
:101AC800BDEEC77AF8EEC76A17EE100A1F28B1EE06
:101AD800666A66EEA77AA6EE250A1EDC454A411E0E
:101AE80024F0FF0330EE677A52F82120934216D093
:101AF80085ED007A30EE470A002E30EE670A85ED54
:101B0800010ABFF66FAFB1EE477A4042B1EE400A24
:101B180085ED007A85ED010A64E730EE677A17EE05
:101B2800103AE415C3F3C753E31A082BE0DDF0EECF
:101B3800405ADFED2D7A9FED2D7AE6EE275A30EEEA
:101B4800650AA6EE270AF0EE407AD6EE877A35EED9
:101B5800E77A17EE103AC3F3C753E41A192C06DCD8
:101B680085ED007AB0EE650AC4E703236DE7B0EEB1
:101B7800650A9FED217A9FED215AA6EE070A75EEB8
:101B8800C07AE6EE077AD6EE857A30EE677AAFE766
:101B9800944270EE277A0ED09FED0F7A4FF0FF3007
:101BA80077EE876A77EEE67AC5ED006A77EE877A90
:101BB800C5ED017A16E7DFED0C6A4FF0FF309FEDB7
:101BC8000B7A77EEA67AEBE7D80F493FE3CB1640BE
:101BD800800FC93FD00FC93F43443537800F494371
:101BE800000080436800FF0F0044353708A3852EA6
:101BF80084F9223FE8FFFE0F00A3852E32318D24A1
:101C0800B1EEC00A704700BF2DE9F04F57EC106BDA
:101C180027F00049B9F1795F2DED028BB0EE418ACA
:101C2800F0EE618A83B072DA10EE100A394602F0DB
:101C380087FB002800F0F68032463B46304639469E
:101C480002F0CEF804460D467BA3D3E9002302F048
:101C5800C7F87BA3D3E9002301F00CFF22462B46EB
:101C680002F0BEF878A3D3E9002301F001FF224671
:101C78002B4602F0B5F876A3D3E9002301F0FAFE6B
:101C880022462B4602F0ACF873A3D3E9002301F0F7
:101C9800EFFE22462B4602F0A3F871A3D3E90023F6
:101CA80001F0E8FE22462B4602F09AF882468B465F
:101CB8000022714B2046294602F092F8524680468F
:101CC80089465B462046294602F08AF804460D46B6
:101CD8003046394653EC182B02F082F802460B4680
:101CE8002046294601F0C4FE02460B4640464946B6
:101CF80001F0BEFE02460B460020604901F0B8FE26
:101D080041EC100B03B0BDEC028BBDE8F08F10EE78
:101D1800102A10EE100A3B46394602F061F80446D4
:101D28000D4645A3D3E9002302F05AF844A3D3E9AA
:101D3800002301F09FFE22462B4602F051F842A3F1
:101D4800D3E9002301F094FE22462B4602F048F81E
:101D58003FA3D3E9002301F08DFE22462B4602F073
:101D68003FF83DA3D3E9002301F082FE22462B462B
:101D780002F036F83AA3D3E9002301F07BFE2B46A4
:101D8800224602F02DF83E4B82468B4699458FDD60
:101D98003C4B99453DDC0022A9F50013002037494A
:101DA8009046994601F064FECDE900010022324BCD
:101DB8002046294602F014F842464B4601F058FEE8
:101DC8005246804689465B462046294602F008F876
:101DD80004460D463046394653EC182B02F000F8FD
:101DE80002460B462046294601F042FE02460B46B3
:101DF8004046494601F03CFE02460B46DDE900013B
:101E080001F036FE41EC100B03B0BDEC028BBDE8CF
:101E1800F08F9FED157B4FF00008DFF86C908DED8B
:101E2800007BC3E79FED120B03B0BDEC028BBDE84E
:101E3800F08F00BFAFF30080D43888BEE9FAA8BDA0
:101E4800C4B1B4BD9EEE213EAD529C804F7E923E01
:101E58009015CB19A001FA3E7751C1166CC1563FB7
:101E68004C5555555555A53F000000000000E73F6B
:101E7800000000000000F03F0000E03F0000F03FDD
:101E88003233D33F0000E93F0000D23F000000009A
:101E98002DE9F04F1C46ADF5197D12F1140F0B9189
:101EA80004F1FF3108930391B14BA299049053F8C0
:101EB80021300593C0F2C182D31EAE4981FB0301D4
:101EC800DB17C3EBA10307930133A3EB8303DB0009
:101ED800D318079A0693039BD61A059A12EB0308A0
:101EE80014D408F1010820AF00240025B044DDF81F
:101EF8008C92002E2046294603DB59F8260001F073
:101F080005FF01364645E7E80201F2D1059B002BA3
:101F1800089B4FEAC303019329DB049A20A90DF516
:101F2800E07A02EB030801EB030972AA059B02EBB6
:101F3800C30B039B002BC0F29E814D46049C0026D8
:101F4800002775E90223F4E8020101F049FF02467F
:101F58000B463046394601F08DFD444506460F468E
:101F6800EFD109F10809EAE80267DA45E1D10599F4
:101F7800019A04988B00019102440BA89346A3F19F
:101F88000802C3180A930CAB13440993019A98A941
:101F9800002A01EBC20353E9284529DD0DF5E07A53
:101FA8000DF130090AEBC2080022734B204629467E
:101FB80001F016FF02F0C4F901F0A8FE00226F4BF1
:101FC80006460F4601F00CFF02460B4620462946FE
:101FD80001F04EFD02F0B4F9394649F8040B3046D9
:101FE80078E9022301F046FD0446D0450D46DBD1D1
:101FF800DDF8189045EC104B484601F049FB0022EB
:102008004FF07F5310EE100A55EC104B294601F0A3
:10201800E7FE41EC100B01F0B7FA0022584B51ECE7
:10202800100B01F0DDFE02460B462046294601F062
:102038001FFD0D46044602F083F9804601F066FE56
:102048000B4602462946204601F012FD4B4606463D
:102058000F46002B40F39680019A0CA9C9F118038A
:10206800C9F11705013A51F8221041FA03F000FAB4
:1020780003F38044CB1A0CA943FA05F541F8223042
:10208800002D00F38980002200233046394602F0F3
:102098000FF9002800F097820199059B01F1FF399B
:1020A8004B4510DC6FF0404300220A980B440CA902
:1020B80001EB830353F80419834242EA0102F9D180
:1020C800002A40F0E280059B0CAA013B52F823301D
:1020D800002B40F0CB80099A012352F804190133F0
:1020E8000029FAD001994A1CCB1891460293079B04
:1020F8006FF0404A0199D31808989A44014420ABDC
:1021080003EBC105A39B03EB8A0A70AB03EBC20385
:1021180001935AF8040FA84601F0F8FD0B460399FD
:1021280002460029E8E802231FDB049C002600275A
:1021380001E075E90223F4E8020101F051FE0246CC
:102148000B463046394601F095FC5C4506460F467D
:10215800EFD1019B09F101094546E3E802670193C4
:10216800029B9945D5DD019310E700260027F0E78B
:102178008003FF0FABAAAA2A0000703E000070413E
:102188000000204069D1019B0CAA013B52F8235062
:10219800ED15002D7FF777AF019B08F10108002BA3
:1021A80040F30F820C9C002C3AD1019B012B09D0E3
:1021B8000CA9012251F8044F531C9CBB1A46019BE1
:1021C8009342F7D1069B002B0EDD012B00F01A81FC
:1021D800022B09D1019B0CA95A1E0CAB53F82230D3
:1021E800C3F3150341F82230022D7FF44CAF324679
:1021F8003B460020984901F03BFC06460F46002C60
:102208003FF441AF06989FED900B01F041FA30463C
:10221800394653EC102B01F02BFC06460F4632E7EB
:10222800012300220CA9C4F1807441F822400199CD
:10223800994210DD0CA80CAA52F8232000EB830366
:1022480000EB81006FF07F4100E01A688A1A43F8BA
:10225800042B8342F9D10124B4E700227F4B02F01A
:1022680045F8002840F0D98005460CE7019B5A1C28
:10227800914602923BE70026002709F10809EAE89F
:102288000267DA457FF455AE71E6069A0CABCDF8D5
:102298001C80183A53F829300495069273B9704B8C
:1022A800019919440B460CA901EB830353F804194F
:1022B80009F1FF39183A0029F8D0069206989FEDDF
:1022C800620B01F0E5F9B9F1000F55EC104BC0F2C3
:1022D800DA814FEAC90370AA09F101064FF0000A32
:1022E80002EB030806930CABDFF878B108F1080796
:1022F80003EB860656F8040D01F008FD22462B462E
:1023080001F06EFD5B46524667E902012046294608
:1023180001F066FD0CAB04460D469E42EAD148AB7F
:10232800C3464FF0000A0393CDE90139DDF8149054
:10233800B9F1000F2BDBDFF830815D460024002661
:10234800002743A3D3E9002303E0544510DCF8E851
:1023580002230134F5E8020101F042FD02460B4672
:102368003046394601F086FBA14506460F46ECDAB1
:10237800029AABF1080B019B9245E3E802670193CF
:102388000AF1010306D0B9F1000F9A46D3DA002604
:102398000027EDE7A29BDDF80890032B2BD8DFE898
:1023A80013F0F500E400E400670048AB00240025C2
:1023B800039303992B462246D1E9000101F058FB0B
:1023C800049B002B40F03E810B9BB9F1000FC3E941
:1023D80000450DDD4AAD01240134F5E8022301F082
:1023E80049FBA145F8DA049B13B101F100431946F2
:1023F8000B9BC3E90201079B03F007000DF5197D4C
:10240800BDE8F08F019B0CA95A1E0CAB53F8223083
:10241800C3F3160341F82230E6E6019B08F10108F0
:102428000225002B3FF7BEAE32463B4600200A4944
:1024380001F01EFB06460F4625E600216FF0170344
:10244800079145E5AFF30080000000000000F03F71
:1024580000000040FB21F93F0000F03F0000E03F92
:10246800FEFFFF3F0000703E9803FF0F48AB039349
:10247800B9F1000F40F31981039A4FEAC90302EB3F
:10248800C9080193D8E900AB78E9026752465B4670
:102498003046394601F0EEFA04460D4602460B4630
:1024A8003046394601F0E4FA5B465246AB4601F045
:1024B800E1FA039BA2464345C8E90201C8E9004581
:1024C800E2D1B9F1010F40F3F0806FF06042019B57
:1024D80003990DF5947A4A440B44D20002F1080B93
:1024E8000192D3E900678B4432463B467BE9028977
:1024F8004046494601F0BEFA04460D4602460B46E0
:102508004046494601F0B4FA32463B46264601F0B9
:10251800B1FADA452F46CBE90201CBE90045E3D110
:10252800019C0020039B0021103403F110051C447A
:1025380074E9022301F09EFAA542F9D1039C049E96
:10254800D4E90023D4E90245002E40F086800B9E92
:10255800C6E90023079BC6E9040103F00700C6E9A2
:1025680002450DF5197DBDE8F08F069E0024039FF6
:10257800002508363E442046294676E9022301F024
:1025880079FA0446B7420D46F5D112E7069C0020B9
:10259800039D002108342C4474E9022301F06AFAEF
:1025A800A542F9D1049B13B101F1004319460B9BD5
:1025B800C3E90001079B03F007000DF5197DBDE88D
:1025C800F08F0024FEE5069CCDF81C80604204953F
:1025D80047EC106B01F05CF8002210EE100A344B47
:1025E80057EC106B394601F081FE08B3183400220D
:1025F800304B30463946069401F0F2FB019D01F05C
:102608009FFE044601F082FB0022294B05F10109D7
:1026180001F0E6FB0B4602463946304601F028FA3F
:1026280001F08EFE0CAB43F8250043F8294045E63F
:1026380030463946019C01F083FE0CAAA14642F8B7
:1026480024003BE6224605F100430B9CB9F1000F3C
:10265800C4E900233FF7BEAEC7E603F1004701F126
:1026680000430B992646944605F10044C1E904034A
:10267800079B03F00700C1E900C7C1E902640DF533
:10268800197DBDE8F08FA29B032B3FF6B4AE01A2E3
:1026980052F823F0AD26FE0FB323FE0FB323FE0F2F
:1026A8007524FE0F002000217CE70020002145E76B
:1026B800000070410000703E2DE9F04F55EC104BC2
:1026C80025F000438246B3F1795F2DED028BB0EE21
:1026D800418AF0EE618A83B007DA10EE100A2946C3
:1026E80001F02EFE002800F08E8022462B46204660
:1026F800294601F075FB06460F4602460B46204662
:10270800294601F06DFB804689463046394645A387
:10271800D3E9002301F064FB44A3D3E9002301F0CB
:10272800A7F932463B4601F05BFB42A3D3E90023FD
:1027380001F0A0F932463B4601F052FB3FA3D3E932
:10274800002301F095F932463B4601F049FB3DA3D1
:10275800D3E9002301F08EF9CDE90001BAF1000FA9
:1027680037D000222E4B51EC180B01F039FB824672
:102778008B4640464946DDE9002301F031FB02461D
:102788000B465046594601F073F932463B4601F074
:1027980027FB53EC182B01F06BF906460F46404611
:1027A80049461DA3D3E9002301F01AFB02460B4654
:1027B8003046394601F05EF902460B462046294666
:1027C80001F056F941EC100B03B0BDEC028BBDE8EB
:1027D800F08F02460B463046394601F001FB0EA346
:1027E800D3E9002301F044F942464B4601F0F8FAD8
:1027F80022462B4601F03EF941EC100B03B0BDEC2C
:10280800028BBDE8F08F45EC104B03B0BDEC028B9A
:10281800BDE8F08FAFF30080495555555555C53F74
:102828000000E03F7CD5CF5A3AD9E53DEB9C2B8A96
:10283800E6E55A3E7DFEB157E31DC73ED561C11995
:10284800A0012A3FA6F810111111813F10EE103A8D
:1028580023F00043B3F1485F2CDAFDEEC07A17EE9F
:10286800903A002B60D020EE007ADFED317A9FEDB0
:10287800315ADFED315AA7EE275A9FED306ADFED66
:10288800307ADFED306AE7EE055AA7EE256AE7EE03
:10289800067AE7EE276A66EE876A60EEC00AB6EE49
:1028A800006AF7EE007AE7EE260AD7EE060A37EE58
:1028B800E00A704720EE007ADFED1D7A9FED1D5A81
:1028C800DFED1D5AA7EE275A9FED1C6ADFED1C7A33
:1028D800DFED1C6A1C4A9342E5EE075AA5EE876AAB
:1028E800E6EE077AE7EE876A66EE876AD5DD174A6D
:1028F800934214DC03F17F43B7EE006A07EE903A87
:1029080036EE676A60EEC00AF6EE005AE7EE260A6F
:10291800D7EE257A77EEE07A36EE670A7047B6EE9C
:10292800076AF5EE027AEDE7B7EE000A704700BFD6
:102938004ED747ADF6740F317CF293B4010DD03702
:10294800610BB6BAABAA2A3D9999993E0000483F57
:102958002DE9F04F2DED048BDBB01C468146049326
:1029680004F1FF38D44B07916899099253F8215024
:10297800111DC0F27482D31E00F1F182DB100393A3
:102988000133DB00089315EB0801DDE90823A3EB0D
:1029980002030693039BA3EB080314D401311EAA78
:1029A8009FEDC87A19446998002BF0EE477A05DB49
:1029B80050F8234007EE904AF8EEE77A0133E2EC4C
:1029C800017A8B42F0D1049B002D4FEA850A4FEA29
:1029D80083041DDB1EAB09EB040146A81E1947AB97
:1029E80003EB0A07B8F1000FC0F2878132464B4665
:1029F800DFEDB47AF3EC016A32ED017A8B42E6EE50
:102A0800877AF7D1E0EC017AB84206F10406E9D1F9
:102A1800AAF108030AAF09AA0095FB184C4492448E
:102A280046AE05932B469FEDA59ADFEDA58A069D38
:102A380099005AAA002B0A4412ED140A16DD06EB77
:102A48008302384660EE097A72ED016AB0EE407A88
:102A5800B242FDEEE77AF8EEE77AA7EEE87A37EECB
:102A6800A60ABDEEC77AA0EC017AEBD12846CDE9DB
:102A7800011300F081FFB0EE408AB4EE000A28EEA0
:102A8800000A00F06FFFF2EE007A002DA0EE678AD0
:102A9800DDE90113FDEEC89AF8EEE97A38EE678AA7
:102AA80040F38180581EC5F10802C5F1070B57F89D
:102AB80020C04CFA02FE0EFA02F2019219EE902A98
:102AC800724409EE902A019AACEB020242FA0BFB1F
:102AD80047F82020BBF1000F6FDCB5EE408AF1EE1D
:102AE80010FA40F0AA8003F1FF3C009A62450EDC20
:102AF8006FF0404200211A4407EB820252F80409A1
:102B0800524541EA0001F9D1002940F0FF80009ABE
:102B1800013A57F82220002A40F0EA80059A01205D
:102B280052F8041901300029FAD003F1010E1844B3
:102B3800F446039A6FF0404B0499724406EB8E0EEC
:102B48000B4493441EAA02EB8302699B03EB8B0B95
:102B58005BF8043F1146B8F1000F07EE903AF8EE23
:102B6800E77AE1EC017A14DB4B469FED567A01E0F7
:102B780072ED017AF3EC016AA342A6EEA77AF7D1C7
:102B88000CF1010CAEEC017A0A468445E0DD0346FF
:102B98004EE70CF1010C9FED4B7A0A468445AEECEA
:102BA800017AD5DDF3E740F098805A1E57F82220C5
:102BB8004FEA222BBBF1000F8FDD19EE902A002B74
:102BC80002F1010209EE902A40F3CC81386800280E
:102BD80062D1012B0BD0BE464FF0010C5EF8040FFA
:102BE8000CF1010200285AD193429446F6D1002DE7
:102BF8000BDD012D00F01F81022D06D1591E57F85B
:102C0800212002F03F0247F82120BBF1020F7FF498
:102C180064AFB7EE000A30EE488A00283FF45DAF93
:102C28002846019300F0A8FE38EE408A019BB5EED5
:102C3800408AF1EE10FA3FF456AF0193B0EE480A1D
:102C4800009DD846DDE90832981A00F095FE9FED00
:102C58001C7A019BB4EEC70AF1EE10FAC0F2848127
:102C6800DFED167A03F1010B069A60EE277A083237
:102C7800FDEEE77A0692F8EEE77AA7EEC70AFDEED0
:102C8800E77ABDEEC00A10EE102A47F8232017EEA7
:102C9800903A47F82B304FE001224FF0000CC0F576
:102CA8008070934247F82C0015DD57F8220039440C
:102CB80007EB820209E000BFD003FF0F0000803B52
:102CC80000008043000000001068C0F1FF0042F8D7
:102CD800040B8A42F8D1012089E7F6EE007AB4EEB7
:102CE800E78AF1EE10FA80F2AE804FF0000BF4E6BE
:102CF80003F1010EF44670461BE75FED0E7A0436C9
:102D0800E0EC017AB8427FF46DAE81E60699D846C8
:102D180057F82C20E3460839009D069162B9B04A5D
:102D28001A4407EB82030A4653F804190BF1FF3BD8
:102D3800083A0029F8D006920698B7EE000A00F083
:102D48001BFEBBF1000FC0F236814FEA8B0446AB85
:102D58009FEDA47A261D1C44BB19221D73ED017A30
:102D6800F8EEE77ABB4267EE807A20EE070A62ED5A
:102D7800017AF3D10DF1C80C002D4FF000009FED42
:102D88009A6A67461DDB99492246B0EE467ADFED1E
:102D9800987A002303E0834208DCB1EC017A01331E
:102DA800F2EC016A9D42E6EE877AF4DA5845E7ECE0
:102DB800017AA4F1040400F101030CD0002D184697
:102DC800E1DADFED8B7A5845A4F1040400F1010340
:102DD800E7EC017AF2D1689B032B23D8DFE803F0F4
:102DE800AE9C9C44DFED827A43469DED327A37EE05
:102DF800677A002B40F0C080079BBBF1000FC3ED42
:102E0800007A0CDD33AA01230133F2EC017A9B45E9
:102E180037EE277AF8DA43460BB1B1EE477A079BCB
:102E280083ED017A19EE903A03F007005BB0BDEC30
:102E3800048BBDE8F08F591E57F8212002F07F025D
:102E480047F82120E1E619EE902A002B02F1010251
:102E580009EE902A40F3A8804FF0020BB6E608234B
:102E68000893002303938EE5BBF1000F40F3B58070
:102E78005AAB4FEA8B020DF1C80C99180CEB8B0377
:102E880051ED286A73ED017A37EEA67A9C4577EE04
:102E9800C77A83ED007A77EEA67AF0EE476AC3ED3B
:102EA800017AEFD1BBF1010F40F397806FF04043F7
:102EB8005AA95B440A4433A99B0052ED286A1A1D9B
:102EC800624472ED017A37EEA67A914277EEC77ABC
:102ED80082ED007A77EEA67AF0EE476AC2ED017AC3
:102EE800EFD108330CF10802DFED417A9C443CED48
:102EF800017A624577EE877AF9D14346DDED326A89
:102F08009DED337A002B41D1079BC3ED006A83ED19
:102F1800017AC3ED027A85E76644DFED357A36ED4E
:102F2800017AB44577EE877AF9D19DED327A434636
:102F380037EE677A002B3FF45FAF1DE06644DFEDA4
:102F48002C7A36ED017AB44577EE877AF9D1434683
:102F58000BB1F1EE677A079BC3ED007A62E713467F
:102F680004330BE5002042E6BDEEC00A9B4610EE96
:102F7800102A47F82320DFE6F1EE677A079BBBF1BA
:102F8800000FC3ED007A3FF73DAF46E7F1EE666A02
:102F9800079BB1EE477AF1EE677AC3ED006A83EDDD
:102FA800017AC3ED027A3DE7F7EE007A4FF0020BA3
:102FB80037EEC88A91E5689B032B3FF633AF01A231
:102FC80052F823F0DD2FFE0FED2DFE0FED2DFE0F35
:102FD800712EFE0FDFED067AB9E7DFED057A8CE793
:102FE800FEFFFF3F0000803B0000C93FE003FF0FEA
:102FF8000000000010EE103A23F00043B3F1485FE0
:1030080004DAFDEEC07A17EE903A5BB360EE007A10
:103018009FED157ADFED155A9FED156AE7EE875A91
:10302800DFED146A9FED147A20EE275AA5EEA76A01
:10303800E6EE276AA6EEA77A30B9DFED106AE7EE6A
:10304800876AA6EE850A704727EE457ADFED0C6A97
:10305800B6EE006AA0EE867AD7EE270AE5EE260AD3
:1030680030EE600A704700BFD3C92E2F342FD7B275
:103078001BEF3836010D50B98988083CABAA2ABE27
:10308800ABAA2A3E08B510EE103AB0EE407A23F00B
:103098000042B2F1465F0FDAFDEEC07A17EE901AE1
:1030A800F9B9431C134300F09D80012803D0FFEEBB
:1030B800007A87EE870A08BD4E498A4211DD002B47
:1030C80003DAB1EE407AF1EE600ADFED4B7ADFED1C
:1030D8004B6A37EEC77A76EEE07ADFED490A37EECB
:1030E800877A67EE076A9FED476A9FED472ADFED0B
:1030F800475A66EEA67ADFED461A9FED463A27EE66
:10310800261ADFED452AA7EE862A9FED444AE7EE08
:10311800A51ADFED433A9FED435ADFED434A9FED91
:10312800436ADFED435AA2EE273A3249E1EEA72A75
:10313800DFED401A8A42A3EE274AE2EEA73AA4EE50
:10314800275AE3EEA74AA5EE276AE4EEA75AF0EE5F
:10315800467AB0EE606AE5EEA67AA7EE816AE6EEF8
:10316800260AE1EE210A37EE200A1DDC0128A2D04A
:10317800FFEE005A304B10EE102AF7EE007AC5EE3B
:10318800806A1A4006EE102A36EE477A70EEC70AB1
:1031980016EE902A134000EE103AE6EE007AE0EEC2
:1031A800807AA7EEA60A08BD07EE900A20EE005A1C
:1031B8009B17F0EE005AF8EEE76A03F0020370EE90
:1031C800267AC3F1010385EE276A07EE903AF8EEF6
:1031D800E77A76EE600A37EE607AE7EE656A26EE01
:1031E800A70A08BD00F0B6FBF7EE007A87EE800A62
:1031F80008BD00BF3FA12C3FDA0F493F68212233A9
:10320800000000005FAE9BB745F4A3388453D9375C
:103218007AC09538C8261A3AB937813916696B3B8E
:1032280048DEBE3AA427B33C1F37113C8988083EC4
:10323800D10D5D3DABAAAA3E00F0FFFF00000000E3
:103248002DE9F84F55EC104BC14B25F00046AA4626
:103258009E4219DDBF4B9E4201DC0AD14CB1224689
:103268002B462046294600F005FC41EC100BBDE832
:10327800F88FBAF1000F40F3BC8099A1D1E90001A1
:1032880041EC100BBDE8F88FB34B9E4200F3BD80B4
:10329800A3F1DE739E4240F39A804FF0FF3B224633
:1032A8002B462046294600F09BFD02460B468046E9
:1032B800894600F095FD06460F468BA3D3E9002307
:1032C80000F08EFD8AA3D3E9002300F0D3FB324639
:1032D8003B4600F085FD88A3D3E9002300F0CAFB34
:1032E80032463B4600F07CFD85A3D3E9002300F07D
:1032F800C1FB32463B4600F073FD83A3D3E90023AC
:1033080000F0B8FB32463B4600F06AFD80A3D3E9E3
:10331800002300F0AFFB42464B4600F061FD8046BB
:103328008946304639467CA3D3E9002300F058FD8E
:103338007BA3D3E9002300F09BFB32463B4600F019
:103348004FFD79A3D3E9002300F092FB32463B46B8
:1033580000F046FD76A3D3E9002300F089FB32464E
:103368003B4600F03DFD74A3D3E9002300F080FB49
:1033780032463B4600F034FD02460B46404649467D
:1033880000F078FB22462B4600F02AFDBBF1FF3FF8
:1033980002460B4631D0714B03EBCB0BDBE908231C
:1033A80000F066FB22462B4600F062FB02460B4605
:1033B800DBE9000100F05CFBBAF1000FBFF655AF86
:1033C80001F10043194641EC100BBDE8F88F5CA3EE
:1033D800D3E9002310EE100A294600F04BFB002227
:1033E8005F4B00F08DFF00283FF457AF2046294679
:1033F8003BE755A1D1E9000137E72046294600F00F
:1034080037FB41EC100BBDE8F88F00F0B3F8554BD3
:103418009E4255EC104B19DCA3F550239E4242DC2A
:1034280010EE102A2B4610EE100A294600F022FB57
:1034380000224B4B4FF0000B00F01AFB002206460F
:103448000F464FF080432046294615E0464B9E42E2
:103458001DDC0022454B10EE100A294600F008FB3F
:103468000022424B06460F46204629464FF0020BE3
:1034780000F0B6FC00223A4B00F0FCFA02460B467C
:103488003046394600F0D6FD04460D4607E72B4680
:1034980010EE102A0020364900F0CCFD4FF0030B47
:1034A80004460D46FBE610EE100A00222C4B294676
:1034B80000F0DEFA06460F460022294B2046294630
:1034C8004FF0010B00F0D6FA02460B46304639465B
:1034D80000F0B0FD04460D46E1E600BFAFF3008002
:1034E800182D4454FB21F93F11DA22E33AAD903FFD
:1034F800EB0D76244B7BA93F513DD0A0660DB13F23
:103508006E204CC5CD45B73FFF8300922449C23F8A
:103518000D5555555555D53F2F6C6A2C44B4A2BF4F
:103528009AFDDE522DDEAD3F6D9A74AFF2B0B33F17
:10353800711623FEC671BC3FC4EB98999999C93F8F
:103548009C7500883CE4377E182D4454FB21F9BF54
:10355800FFFF0F440000F07FFFFFDB3F0804FF0F71
:103568000000F03FFFFFF23FFF7F03400000F83FFD
:103578000000F0BF51EC100B10EE102A21F00043B0
:1035880043EC102B704700BF51EC100BF8B5C1F39A
:103598000A530C4610EE106AA3F2FF35132D30DCE7
:1035A800002D1EDB384F2F4107EA010303432DD0BE
:1035B80033A3D3E9002300F05DFA0022002300F0D2
:1035C8009FFE48B1002C04DA4FF4801343FA05F546
:1035D8002C4424EA070400262346324643EC102BE9
:1035E800F8BD27A3D3E9002300F044FA0022002302
:1035F80000F086FE0028EFD0002C29DB0026344698
:10360800EAE7332D05DDB5F5806F19D041EC100BD5
:10361800F8BDA3F213434FF0FF37DF400742F5D060
:1036280017A3D3E9002300F025FA0022002300F0B5
:1036380067FE0028D0D0002C13DB26EA0706CBE76C
:1036480010EE102A0B4600F015FA41EC100BF8BDED
:1036580024F000430D4A33430026B34218BF1446F2
:10366800BAE7142D08D00123C5F1340503FA05F58E
:10367800AE1928BFE418E0E70134DEE7AFF30080B5
:103688009C7500883CE4377EFFFF0F000000F0BF08
:1036980038B553EC102BC3F30A511C46054681BBC1
:1036A80023F0004410EE101A214329D03C4C19464F
:1036B80000223C4B10EE100A00F092FBA542024695
:1036C8000B4616DB0C46C1F30A513639294440F241
:1036D800FE70814221DC002945DC11F1350F34DA16
:1036E8004CF250318D4218DC002B25A1D1E90001A4
:1036F80040DB23A3D3E9002300F072FB41EC100B5D
:1037080038BD40F2FF708142E0D110EE100A194630
:1037180000F0B0F941EC100B38BD002B1AA1D1E92B
:10372800000107DB18A3D3E9002300F059FB41ECA3
:10373800100B38BD16A1D1E9000113A3D3E900236A
:1037480000F04EFB41EC100BF3E7174836312040F0
:1037580040EA0153104600221946144B00F040FB82
:1037680041EC100B38BD1048204040EA015343ECAF
:10377800102B38BD08A1D1E90001BAE7AFF30080EA
:1037880059F3F8C21F6EA5019C7500883CE4377E8A
:103798009C7500883CE437FE59F3F8C21F6EA5817A
:1037A800B03CFFFF00005043FFFF0F800000903C3B
:1037B80038B510EE105AF0EE407A25F00044B4F116
:1037C800A14F0ADBB4F1FF4F55DC002DDFED4F7A36
:1037D8009FED4F0A37FE800A38BD4E4B9C425CDC99
:1037E800B4F1445F4ADB4FF0FF3267EEA76ADFEDC2
:1037F8004A5ADFED4A2A531C9FED496A26EEA67AFB
:103808009FED483ADFED483A9FED484AE7EE252A12
:10381800DFED474AA7EE063A9FED465ADFED465AD6
:103828009FED460A9FED466AE2EE873AA3EE074A05
:10383800E3EE874AA4EE075AE4EE875AA5EE070A94
:10384800A5EE876A20EE070AA6EE260A20EE270ACA
:1038580020D03C4B002D03EB8203D3ED046A93ED9B
:10386800007A30EE660A70EE677A37EE670AB3DAE6
:10387800B1EE400A38BD30EE000A38BD9FED327A0D
:10388800F7EE006A30EE077AB4EEE67AF1EE10FA57
:10389800A9DD38BD37EEC00A38BD00F05BF82B4B08
:1038A8009C4211DCA3F5D0039C4224DCB0EE007AE4
:1038B8000022FFEE007A70EE076AE0EE077AB0EEBB
:1038C800677AC7EE267A90E7214B9C420DDCB7EE6B
:1038D800087A0222F7EE007A70EE476AE0EE077A7D
:1038E800B0EE677AC6EE877A7FE7BFEE007A0322EA
:1038F800C7EE007A79E7F7EE007A012230EE677AB0
:1039080030EE270AC7EE007A6FE700BFDB0FC93F2A
:10391800DB0FC9BFFFFFDF3ED769853C59DA4B3D56
:1039280021A215BD6BF16EBD356B883D95879DBD98
:103938006E2EBA3D388EE3BD2549123ECDCC4CBE25
:10394800ABAAAA3E4804FF0FCAF24971FFFF973F8E
:10395800FFFF1B4010EE103A23F0004300EE103A30
:10396800704700BFBBFE400A704700BF9FED010AC9
:10397800704700BF0000C07F82B08DED010A019B37
:1039880033F0004229D0B2F1FF4F22D213F0FF4F9B
:1039980027D19DED017ADFED2D7A2D4B67EE277A41
:1039A8009842CDED017A3EDB019BC3F3C752193A29
:1039B8000244FE2A19DD019B9FED260A002B9FED8C
:1039C800267AF0EE407A20FE070A20EE270A02B097
:1039D800704730EE000A02B070479DED010A02B050
:1039E8007047D20D0244FE2AE5DC002A13DC12F1EE
:1039F800160F1FDA4CF250339842019BDCDC9FED26
:103A0800170A002B9FED167AF0EE407A20FE070A7F
:103A180020EE270ADFE723F0FF4343EAC25300EE14
:103A2800103A02B070479FED0D0ADDED017A27EEDE
:103A3800800AD0E7193223F0FF43DFED0A7A43EA20
:103A4800C25307EE103A27EE270AC4E70000004CDD
:103A5800B03CFFFFCAF24971CAF249F16042A20DB7
:103A68006042A28D0000003381F0004102E000BFF7
:103A780083F0004330B54FEA41044FEA430594EA26
:103A8800050F08BF90EA020F1FBF54EA000C55EA61
:103A9800020C7FEA645C7FEA655C00F0E2804FEA32
:103AA8005454D4EB5555B8BF6D420CDD2C4480EA14
:103AB800020281EA030382EA000083EA010180EA44
:103AC800020281EA0303362D88BF30BD11F0004F92
:103AD8004FEA01314FF4801C4CEA113102D04042C8
:103AE80061EB410113F0004F4FEA03334CEA133303
:103AF80002D0524263EB430394EA050F00F0A7801B
:103B0800A4F10104D5F1200E0DDB02FA0EFC22FA15
:103B180005F2801841F1000103FA0EF2801843FA09
:103B280005F359410EE0A5F120050EF1200E012AFA
:103B380003FA0EFC28BF4CF0020C43FA05F3C01838
:103B480051EBE37101F0004507D54FF0000EDCF1B1
:103B5800000C7EEB00006EEB0101B1F5801F1BD35A
:103B6800B1F5001F0CD349085FEA30004FEA3C0C5E
:103B780004F101044FEA445212F5800F80F09A8054
:103B8800BCF1004F08BF5FEA500C50F1000041EB58
:103B9800045141EA050130BD5FEA4C0C404141EB5C
:103BA8000101013C28BFB1F5801FE9D291F0000F57
:103BB80004BF01460020B1FA81F308BF2033A3F106
:103BC8000B03B3F120020CDA0C3208DD02F1140CFD
:103BD800C2F10C0201FA0CF021FA02F10CE002F138
:103BE8001402D8BFC2F1200C01FA02F120FA0CFC31
:103BF800DCBF41EA0C019040E41AA2BF01EB04517A
:103C0800294330BD6FEA04041F3C1CDA0C340EDC77
:103C180004F11404C4F1200220FA04F001FA02F3BA
:103C280040EA030021FA04F345EA030130BDC4F178
:103C38000C04C4F1200220FA02F001FA04F340EA6D
:103C48000300294630BD21FA04F0294630BD94F01E
:103C5800000F83F4801306BF81F480110134013D05
:103C68004EE77FEA645C18BF7FEA655C29D094EA76
:103C7800050F08BF90EA020F05D054EA000C04BFF4
:103C88001946104630BD91EA030F1EBF00210020DF
:103C980030BD5FEA545C05D14000494128BF41F07E
:103CA800004130BD14F580043CBF01F5801130BDE2
:103CB80001F0004545F0FE4141F470014FF000006D
:103CC80030BD7FEA645C1ABF194610467FEA655C1E
:103CD8001CBF0B46024650EA013406BF52EA0335C0
:103CE80091EA030F41F4002130BD00BF90F0000FAE
:103CF80004BF0021704730B54FF4806404F13204EA
:103D08004FF000054FF0000150E700BF90F0000FA2
:103D180004BF0021704730B54FF4806404F13204C9
:103D280010F0004548BF40424FF000013EE700BF99
:103D380042004FEAE2014FEA31014FEA02701FBF29
:103D480012F07F4393F07F4F81F06051704732F05B
:103D58007F4208BF704793F07F4F04BF41F40021B2
:103D6800704730B54FF4607401F0004521F0004110
:103D78001CE700BF50EA010208BF704730B54FF09A
:103D880000050AE050EA010208BF704730B511F09B
:103D9800004502D5404261EB41014FF4806404F1D3
:103DA80032045FEA915C3FF4D8AE4FF003025FEA59
:103DB800DC0C18BF03325FEADC0C18BF033202EBDD
:103DC800DC02C2F1200300FA03FC20FA02F001FA37
:103DD80003FE40EA0E0021FA02F11444BDE600BFDA
:103DE80070B54FF0FF0C4CF4E06C1CEA11541DBF89
:103DF8001CEA135594EA0C0F95EA0C0F00F0DEF854
:103E08002C4481EA030621EA4C5123EA4C5350EA38
:103E1800013518BF52EA033541F4801143F4801389
:103E280038D0A0FB02CE4FF00005E1FB02E506F01A
:103E38000042E0FB03E54FF00006E1FB03569CF06F
:103E4800000F18BF4EF0010EA4F1FF04B6F5007F75
:103E580064F5407404D25FEA4E0E6D4146EB0606E7
:103E680042EAC62141EA55514FEAC52040EA5E5070
:103E78004FEACE2EB4F1FD0C88BFBCF5E06F1ED81A
:103E8800BEF1004F08BF5FEA500E50F1000041EB51
:103E9800045170BD06F0004646EA010140EA0200FE
:103EA80081EA0301B4EB5C04C2BFD4EB0C0541EA20
:103EB800045170BD41F480114FF0000E013C00F335
:103EC800AB8014F1360FDEBF002001F0004170BD59
:103ED800C4F10004203C35DA0C341BDC04F1140472
:103EE800C4F1200500FA05F320FA04F001FA05F2FE
:103EF80040EA020001F0004221F0004110EBD370CB
:103F080021FA04F642EB06015EEA430E08BF20EAF6
:103F1800D37070BDC4F10C04C4F1200500FA04F399
:103F280020FA05F001FA04F240EA020001F000412B
:103F380010EBD37041F100015EEA430E08BF20EA9E
:103F4800D37070BDC4F1200500FA05F24EEA020EE6
:103F580020FA04F301FA05F243EA020321FA04F015
:103F680001F0004121FA04F220EA020000EBD370CC
:103F78005EEA430E08BF20EAD37070BD94F0000FCC
:103F88000FD101F00046400041EB010111F4801F00
:103F980008BF013CF7D041EA060195F0000F18BFB1
:103FA800704703F00046520043EB030313F4801FED
:103FB80008BF013DF7D043EA0603704794EA0C0FA7
:103FC8000CEA135518BF95EA0C0F0CD050EA4106BD
:103FD80018BF52EA4306D1D181EA030101F000413A
:103FE8004FF0000070BD50EA410606BF1046194662
:103FF80052EA430619D094EA0C0F02D150EA01366E
:1040080013D195EA0C0F05D152EA03361CBF1046AE
:1040180019460AD181EA030101F0004141F0FE414D
:1040280041F470014FF0000070BD41F0FE4141F4D1
:10403800780170BD70B54FF0FF0C4CF4E06C1CEAD1
:1040480011541DBF1CEA135594EA0C0F95EA0C0F86
:1040580000F0A7F8A4EB050481EA030E52EA033541
:104068004FEA013100F088804FEA03334FF0805562
:1040780045EA131343EA12634FEA022245EA11158F
:1040880045EA10654FEA00260EF000419D4208BF40
:10409800964244F1FD0404F5407402D25B084FEAED
:1040A8003202B61A65EB03055B084FEA32024FF499
:1040B80080104FF4002CB6EB020E75EB030E22BFF6
:1040C800B61A754640EA0C005B084FEA3202B6EBB6
:1040D800020E75EB030E22BFB61A754640EA5C0065
:1040E8005B084FEA3202B6EB020E75EB030E22BFF5
:1040F800B61A754640EA9C005B084FEA3202B6EBF6
:10410800020E75EB030E22BFB61A754640EADC00B4
:1041180055EA060E18D04FEA051545EA16754FEA16
:1041280006164FEAC30343EA52734FEAC2025FEA34
:104138001C1CC0D111F4801F0BD141EA00014FF0C3
:1041480000004FF0004CB6E711F4801F04BF014394
:104158000020B4F1FD0C88BFBCF5E06F3FF6AFAEB0
:10416800B5EB030C04BFB6EB020C5FEA500C50F140
:10417800000041EB045170BD0EF0004E4EEA1131C3
:1041880014EB5C04C2BFD4EB0C0541EA045170BDCA
:1041980041F480114FF0000E013C90E645EA060E0E
:1041A8008DE60CEA135594EA0C0F08BF95EA0C0F3C
:1041B8003FF43BAF94EA0C0F0AD150EA01347FF484
:1041C80034AF95EA0C0F7FF425AF104619462CE75B
:1041D80095EA0C0F06D152EA03353FF4FDAE1046BE
:1041E800194622E750EA410618BF52EA43067FF40F
:1041F800C5AE50EA41047FF40DAF52EA43057FF49F
:10420800EBAE12E74FF0FF3C06E000BF4FF0010CA9
:1042180002E000BF4FF0010C4DF804CD4FEA410C0D
:104228007FEA6C5C4FEA430C18BF7FEA6C5C1BD0DA
:1042380001B050EA410C0CBF52EA430C91EA030F5B
:1042480002BF90EA020F0020704710F1000F91EAB8
:10425800030F58BF994208BF90422CBFD8176FEA86
:10426800E37040F0010070474FEA410C7FEA6C5C54
:1042780002D150EA013C07D14FEA430C7FEA6C5C5B
:10428800D6D152EA033CD3D05DF8040B704700BF87
:104298008446104662468C461946634600E000BFD5
:1042A80001B5FFF7B7FF002848BF10F1000F01BDA7
:1042B8004DF808EDFFF7F4FF0CBF012000205DF872
:1042C80008FB00BF4DF808EDFFF7EAFF34BF0120F7
:1042D80000205DF808FB00BF4DF808EDFFF7E0FF90
:1042E80094BF012000205DF808FB00BF4DF808EDE1
:1042F800FFF7CEFF94BF012000205DF808FB00BF48
:104308004DF808EDFFF7C4FF34BF012000205DF829
:1043180008FB00BF4FEA410C7FEA6C5C02D150EA0F
:10432800013C0AD14FEA430C7FEA6C5C02D152EAA5
:10433800033C02D14FF0000070474FF00100704776
:104348004FEA410212F5001215D211D56FF47873B5
:10435800B3EB625212D94FEAC12343F0004343EA58
:10436800505311F0004F23FA02F018BF4042704733
:104378004FF00000704750EA013005D111F00040BD
:1043880008BF6FF0004070474FF00000704700BF53
:104398004FEA4102B2F1E04324BFB3F5001CDCF15F
:1043A800FE5C0DD901F0004C4FEAC0024CEA507097
:1043B800B2F1004F40EB830008BF20F001007047C6
:1043C80011F0804F21D113F13872BCBF01F00040C9
:1043D800704741F480114FEA5252C2F11802C2F1FB
:1043E800200C10FA0CF320FA02F018BF40F001007C
:1043F8004FEAC1234FEAD32303FA0CFC40EA0C002E
:1044080023FA02F34FEA4303CCE77FEA625307D16A
:1044180050EA01331EBF4FF0FE4040F440007047A1
:1044280001F0004040F0FE4040F40000704700BF3B
:1044380080F0004002E000BF81F0004142001FBF51
:104448005FEA410392EA030F7FEA226C7FEA236C5A
:104458006AD04FEA1262D2EB1363C1BFD21841404F
:1044680048404140B8BF5B42192B88BF704710F0E5
:10447800004F40F4000020F07F4018BF404211F088
:10448800004F41F4000121F07F4118BF494292EAF0
:10449800030F3FD0A2F1010241FA03FC10EB0C001C
:1044A800C3F1200301FA03F100F0004302D54942A9
:1044B80060EB4000B0F5000F13D3B0F1807F06D356
:1044C80040084FEA310102F10102FE2A51D2B1F14E
:1044D800004F40EBC25008BF20F0010040EA030043
:1044E8007047490040EB0000013A28BFB0F5000FC3
:1044F800EDD2B0FA80FCACF1080CB2EB0C0200FA79
:104508000CF0AABF00EBC25052421843BCBFD040C7
:104518001843704792F0000F81F4000106BF80F441
:1045280000000132013BB5E74FEA41037FEA226C04
:1045380018BF7FEA236C21D092EA030F04D092F0CF
:10454800000F08BF0846704790EA010F1CBF002003
:10455800704712F07F4F04D1400028BF40F0004060
:10456800704712F100723CBF00F50000704700F080
:10457800004343F0FE4040F4000070477FEA2262A7
:1045880016BF08467FEA23630146420206BF5FEA78
:10459800412390EA010F40F4800070474FF0000378
:1045A80004E000BF10F0004348BF40425FEA000C3F
:1045B80008BF704743F0964301464FF000001CE0E7
:1045C80050EA010208BF70474FF000030AE000BF3D
:1045D80050EA010208BF704711F0004302D540427B
:1045E80061EB41015FEA010C02BF844601460020ED
:1045F80043F0B64308BFA3F18053A3F50003BCFA08
:104608008CF2083AA3EBC25310DB01FA02FC6344B4
:1046180000FA02FCC2F12002BCF1004F20FA02F2BB
:1046280043EB020008BF20F00100704702F12002AE
:1046380001FA02FCC2F1200250EA4C0021FA02F20F
:1046480043EB020008BF20EADC70704753B94AB94F
:10465800002908BF00281CBF4FF0FF314FF0FF3082
:1046680000F0A0B9ADF1080C6DE904CE00F03AF8FD
:10467800DDF804E0DDE9022304B0704707EE900A94
:10468800F5EEC07AF1EE10FA01D400F00BB8F1EEB5
:10469800677A08B517EE900A00F004F8404261EB1B
:1046A800410108BDD0B5FFF743FB00220B4B06467E
:1046B8000F46FFF795FB00F077F90446FFF716FB66
:1046C8000022074BFFF78CFB02460B463046394663
:1046D800FFF7CEF900F068F92146D0BD0000F03DA3
:1046E8000000F0412DE9F047089D04468846002B5C
:1046F8007DD18A4217463FD9B2FA82F242B1C2F15D
:1047080020009140974024FA00F0944040EA0108C4
:104718004FEA174C230C1FFA87FEB8FBFCF60CFB7C
:10472800168106FB0EF043EA0143984205D9FB18AF
:1047380002D2984200F22481013E191AA3B2B1FBB9
:10474800FCF00CFB101100FB0EFE43EA0144A645E9
:1047580005D93C1902D2A64500F20F81013840EA7A
:104768000640A4EB0E0400261DB1D4400023C5E981
:1047780000433146BDE8F08702B9FFDEB2FA82F2A3
:10478800002A50D1CB1B4FEA174E1FFA87F8012693
:10479800210CB3FBFEFC0EFB1C300B4608FB0CF98E
:1047A80041EA004189450AD979182CBF0123002321
:1047B800894502D9002B00F0D9800CF1FF3CA1EB10
:1047C8000901A3B2B1FBFEF00EFB101108FB00F8C3
:1047D80043EA0144A04505D93C1902D2A04500F29C
:1047E800C9800138A4EB080440EA0C40BCE78B42BE
:1047F80009D9002D00F0B1800026C5E90001304636
:104808003146BDE8F087B3FA83F6002E46D18B42D5
:10481800C0F0A680824240F2A3803046002DA8D086
:10482800C5E90048A5E79740C2F1200301FA02F064
:104838004FEA174ED94024FA03F31FFA87F8944039
:104848000343B1FBFEF01E0C0EFB101100FB08FC2D
:1048580046EA01418C4509D979182CBF0126002662
:104868008C4502D9002E00F093800138A1EB0C0191
:104878009BB2B1FBFEF60EFB161106FB08FC43EAE1
:1048880001418C4505D9791802D28C4500F2878000
:10489800013EA1EB0C0346EA004679E7C6F1200782
:1048A80003FA06F402FA06FC01FA06FEFA4020FAB8
:1048B80007F8F94000FA06F3224348EA0E044FEAE3
:1048C80012484FEA144E1FFA82F9B1FBF8FA08FBB6
:1048D8001A110AFB09F04EEA014E70450AD912EB8B
:1048E8000E0E2CBF01210021704501D9002952D09C
:1048F8000AF1FF3AAEEB000EA4B2BEFBF8F008FBDB
:1049080010EE00FB09F944EA0E4EF14505D912EB09
:104918000E0E01D2F14538D8013840EA0A40AEEB14
:10492800090EA0FB0C89CE4541464C4602D306D160
:10493800434504D20138B8EB0C0169EB020415B306
:104948005A1A6EEB040EF2400EFA07F72EFA06F327
:1049580000261743C5E900730BE72E46284608E7EB
:10496800841A61EB03010120884657E7ACF1020C79
:10497800394424E702383C4434E702383C44EEE644
:10498800023E3B44D9E62E46F3E602389644C4E795
:10499800023839446AE7AAF1020A9644AAE7023EB5
:1049A800394476E7704700BF4A0011D212F5001269
:1049B80011D20DD56FF47873B3EB62520ED44FEA6F
:1049C800C12343F0004343EA505323FA02F07047EF
:1049D8004FF00000704750EA013002D14FF0FF302D
:1049E80070474FF000007047002301461A461846EA
:1049F80000F0A2BB014B1868704700BF04300020CC
:104A080008B5074B044613B1002100F0EDFB054B38
:104A18001868836A03B19847204600F039FC00BF44
:104A2800F151FE0F6C05FF0F38B50A4C0A4D641B97
:104A3800A4100AD06FF04043234405EB8305013CE2
:104A480055F804399847002CF9D1BDE838400DF0E5
:104A5800EDBF00BF7838FF0F7438FF0F70B50D4EEB
:104A68000D4D761BB61006D00024013455F8043BD2
:104A78009847A642F9D1094E0DF0D2FF084D761B92
:104A8800B61006D00024013455F8043B9847A642D6
:104A9800F9D170BD7038FF0F7038FF0F7438FF0FF1
:104AA8007038FF0F024B0146186800F02BB900BFA1
:104AB80004300020024B0146186800F0C9B800BF56
:104AC80004300020844641EA000313F0030349D16F
:104AD800403A23D30B6803604B6843608B6883605C
:104AE800CB68C3600B6903614B6943618B69836160
:104AF800CB69C3610B6A03624B6A43628B6A836248
:104B0800CB6AC3620B6B03634B6B43638B6B83632F
:104B1800CB6BC36340304031403ADBD230320BD3E9
:104B28000B6803604B6843608B688360CB68C36025
:104B380010301031103AF3D20C3205D351F8043B3F
:104B480040F8043B043AF9D2043208D0D2071CBF1B
:104B580011F8013B00F8013B01D30B880380604644
:104B6800704700BF082A13D38B07B1D010F0030396
:104B7800AED0C3F10403D21ADB071CBF11F8013B06
:104B880000F8013BA4D331F8023B20F8023B9FE731
:104B9800043AD9D3013A11F8013B00F8013BF9D2A4
:104BA8000B7803704B7843708B788370604670473E
:104BB800F0B4860746D0541E002A3CD0CAB2034639
:104BC80002E014F1FF3436D303F8012B9D07F8D126
:104BD800032C29D9CDB20F2C45EA052545EA054510
:104BE80033D9A4F1100603F1200703F110023609A6
:104BF80007EB061742E9045542E902551032BA425A
:104C0800F8D1721C14F00C0F04F00F0603EB02121B
:104C180013D0331F23F003030433134442F8045B17
:104C28009342FBD106F003042CB1C9B21C4403F82B
:104C3800011B9C42FBD1F0BC704734461346002C44
:104C4800F3D1F8E714460346C2E71A462646E0E7DA
:104C5800002941D038B551F8043C0C1F0546002BFB
:104C6800B8BFE41800F010FB254B196829B1A14220
:104C78000BD92268A018814228D0616028461C60A0
:104C8800BDE8384000F002BB19464B68A3428CBF10
:104C980000220122002B08BF0022002AF4D10A6852
:104CA8008818A04219D024D82268A018834206D0B8
:104CB80063604C602846BDE8384000F0E7BAD3E9A5
:104CC80000030244C4E900234C60F3E7D1E9000182
:104CD8000244C4E90021D1E77047206802448818DB
:104CE8000A608342E6D1D3E900030244C1E9002304
:104CF800E0E70C2328462B60BDE8384000F0C6BA30
:104D0800CC340020F8B5CD1C064625F0030508353F
:104D18000C2D38BF0C25002D3ADBA94238D82A4F74
:104D280000F0B2FA3A6852B113685B1B04D43FE052
:104D380023685B1B25D522465468002CF8D1796876
:104D480000293BD02946304600F040F8431C28D0C3
:104D5800C41C24F00304A04205D0211A304600F0F8
:104D680035F801301DD02560304600F08FFA04F187
:104D78000B00231D20F00700C21A01D01B1AA350F4
:104D8800F8BD0B2B09D8A242636815D05360EBE736
:104D98000C2200203260F8BD144623601C442560B4
:104DA800E2E70C233046336000F070FA0020F8BDCB
:104DB8000B2BF1D8536814463B60D5E7304600F01A
:104DC80005F87860BEE700BFCC34002038B5002372
:104DD800064C05460846236004F08EFB431C00D0B1
:104DE80038BD2368002BFBD02B6038BD90C800204D
:104DF80080EA010C1CF0030F37D110F0030C20F0EF
:104E0800030021F0030150F8042B08BF51F8043BBC
:104E18000ED08CF0030C6FF07F434FEACC0C23FAD2
:104E28000CFC51F8043B42EA0C0243EA0C0300BFB5
:104E3800A2F1013C9A4201BF2CEA020C1CF0803F0F
:104E480050F8042B51F8043BF2D04FEA02604FEAC5
:104E58001222012828BFB0EB036F08BF1B0AF4D049
:104E680003F0FF03000EC01A704710F0030F0AD0BA
:104E780010F8012B11F8013B012A28BF9A42F4D0FF
:104E8800A2EB030070474DF8045D50F8042B01F0C5
:104E9800030521F0030151F8043B022D26D04DD81B
:104EA80022F07F45B5EB132FA2F1013C2CEA020C4E
:104EB8000DD11CF0803C08BF51F8043B0AD185EAAB
:104EC8000205B5EB036F0CD150F8042BE8E74FEA65
:104ED80013235BE03CF07F4C54D10B784FEA12650A
:104EE80054E04FEA126503F0FF034FE04FEA024532
:104EF800A2F1013C4FEA15452CEA020CB5EB134F21
:104F080018D11CF0803C08BF51F8043B07D185EA52
:104F18000205B5EB034F09D150F8042BE6E75FEA29
:104F28000C4C2FD10B884FEA12452FE04FEA034370
:104F38004FEA12454FEA134328E000BF02F0FF058D
:104F4800B5EB136FA2F1013C2CEA020C0DD11CF059
:104F5800803C08BF51F8043B0AD185EA0205B5EB4D
:104F6800032F0AD150F8042BE8E74FEA13630DE04A
:104F780012F0FF0F06D051F8043B4FEA122523F038
:104F88007F4303E04FF0000020BC704705F0FF02AC
:104F980003F0FF00012828BF904204BF2D0A1B0A16
:104FA800F4D0A2EB000020BC704700BF80EA0102E9
:104FB800844612F0030F4FD111F0030F32D14DF890
:104FC800044D11F0040F51F8043B0BD0A3F101324A
:104FD8009A4312F0803F04BF4CF8043B51F8043B5D
:104FE80016D100BF51F8044BA3F101329A4312F0D5
:104FF800803FA4F101320BD14CF8043BA24312F0DC
:10500800803F04BF51F8043B4CF8044BEAD02346D8
:105018000CF8013B13F0FF0F4FEA3323F8D15DF88A
:10502800044B704711F0010F06D011F8012B0CF852
:10503800012B002A08BF704711F0020FBFD031F8CA
:10504800022B12F0FF0F16BF2CF8022B8CF8002051
:1050580012F47F4FB3D1704711F8012B0CF8012BD4
:10506800002AF9D1704700BF20F0030110F00300B7
:10507800C0F1000051F8043B00F1040C4FEACC0CDD
:105088006FF000021CBF22FA0CF213434FF0010C20
:105098004CEA0C2C4CEA0C4CA3EB0C0222EA03025F
:1050A80012EACC1204BF51F8043B0430F4D0C2F128
:1050B800000102EA0102B2FA82F2C2F11F0200EB19
:1050C800D200704770B440EA0104A30701D1032A53
:1050D80015D806468AB133460C78551E03F8014B9D
:1050E80004B332442E4404E011F8014F03F8014B95
:1050F800C4B19A42A6EB0305F6D170BC70470B46C3
:105108000646194653F8045BA5F1013424EA050460
:1051180014F0803FDFD1043A46F8045B1946032AAD
:10512800EFD8D7E7002DE8D01D44002203F8012B63
:10513800AB42FBD170BC70472DE9F041264C82B0E0
:10514800256815B36C681F2C43DC9846064698B151
:10515800D5F8880040B3D0F800C1012740F82420D2
:1051680000EB8403022E07FA04F242EA0C07C0F8A7
:105178000071C3F8808011D0631C002002346B607A
:1051880045F8241002B0BDE8F081144E144D266095
:10519800EDB12C683546C6F88840D3E7D0F804311D
:1051A8001A43C0F80421E7E70E4BCDE9001283B19A
:1051B8004FF48470FFF776FC58B100236C689C4666
:1051C800C0E94033DDE90012C5F88800C5E7354677
:1051D800B8E74FF0FF30D5E760350020D434002021
:1051E80000000000AD4AFE0F2DE9F04FDFF8948073
:1051F80083B00F464FF0010AD8F8005001908DB1E6
:105208006C68D5F88860013C0CD405F1080B67B1CF
:105218002EB106F1800353F82430BB4205D014F1B7
:10522800FF34F4D203B0BDE8F08F6B685BF824203C
:10523800013BA34220D000234BF82430002AEED0B3
:10524800D5F80490B6B10AFA04F3D6F800110B4267
:1052580010D0D6F8040156F8241003420ED1019854
:1052680090476B68D8F800204B4501D1AA42D6D0A8
:105278001546C4E79047F4E76C60DFE708469047B7
:10528800EFE700BF60350020704700BF704700BFE0
:10529800FEE700BF4FF0FF3200F10803C0E9022328
:1052A8004360036100230360704700230361704774
:1052B80030B50C68631C0AD103695A684A6091606A
:1052C8008B605960086103680133036030BD00F1E9
:1052D8000802134652681568A542FAD9EDE7036932
:1052E800D0E901128A60416851605A68824204BF5D
:1052F80082685A6000220261186801381860704795
:105308002DE9F843244BDFF8A8901D68234B044689
:105318001F68234B0E46D3F80080D9F800000430EC
:10532800FFF7DDFF4B4658B9D9F800101D48D1F8F2
:105338002CC00121026801FA0CF122EA0102026084
:10534800621C14D19EB1184A1868516881608C6833
:105358001868C46018680430606018681B680430F6
:1053680088605A61136801331360BDE8F8831A68CE
:1053780019682C19546001F1040104D34046BDE8B2
:10538800F843FFF795BF3846FFF792FF074B1A68B7
:10539800A24288BF1C60E8E7743600206835002008
:1053A8006C350020F83500204C36002028360020C7
:1053B80064350020064A13681968064B19B94FF07E
:1053C800FF321A6070471268D2681268F9E700BFA6
:1053D8006835002028360020F8B50E4C0E4F0F4EC9
:1053E800236803B9F8BD02F039F9FB68DD68281DA8
:1053F800FFF775FF3368013B33602368013B236087
:1054080002F03AF9286B02F0A1F8284602F09EF85B
:10541800E6E700BFEC35002060360020E8350020C4
:1054280008B5054CFFF7D8FF2368012B01D902F016
:1054380009F905F0ABF8F5E7703500202DE9F84FCC
:1054480096008046DDE90A5A30460F46994601F033
:10545800E7FF8346002800F0AA80602001F0E0FF03
:105468000446002800F0A08060220021FFF7A0FB7E
:105478003246A5215846C4F830B0FFF799FB236B94
:10548800043E1E4426F007062664002F40F0928052
:10549800052D05D940F26572544955480AF030F98E
:1054A800052D28BF0525271D3846E562E564FFF769
:1054B800FCFEC5F1060504F11800FFF7F6FE4B46A1
:1054C80042463046216B2461A561646202F01EF9F0
:1054D8002060BAF1000F01D0CAF8004002F0BEF80F
:1054E800444B454E1A68DFF84C8101321A60326825
:1054F800002A6FD134601B68012B28D13F48FFF781
:10550800C9FE3F48FFF7C6FE3E48FFF7C3FE3E48C8
:10551800FFF7C0FEDFF820913C48FFF7BBFE3C4D8B
:105528003C48FFF7B7FE4846FFF7B4FE2846FFF7AA
:10553800B1FE3948FFF7AEFE3848FFF7ABFE3848F2
:10554800FFF7A8FE374BC3F80090374B1D600125C5
:10555800364AE16A136801331360354A6364106898
:1055680005FA01F3034313601423244A03FB0121C2
:105578004968A1608868E06047608F60E16A4B43D2
:10558800D1186161D1582944D15002F075F8D8F882
:10559800003033B13368DA6AE36A9A4201D202F022
:1055A80051F82846BDE8F88F584601F0CFFF4FF074
:1055B800FF35F6E77B1E04F13402093713F8011FA3
:1055C80002F8011B197809B19F42F7D1002384F82A
:1055D8003D305DE7D8F80030002BB8D13368DA6A7F
:1055E800E36A9A4298BF3460B1E700BFD005FF0F65
:1055F800EF05FF0FE83500206435002070350020E6
:105608008435002098350020AC350020C0350020B6
:1056180010360020D43500203436002060360020B3
:105628004C360020683500206C350020F435002009
:10563800F835002048360020FC3500202DE9F041DF
:10564800044628B940F6C1121B491C480AF058F80C
:105658001B4B1B68A34226D002F000F8194BD4F864
:1056680028801F68184B65691E6802F005F8174BFB
:1056780098451AD0BD421AD0B54218D0144B9D4255
:1056880009D1A36A9BB994F85C30012B0CBF0220A6
:105698000320BDE8F0810F4B9D420AD0002D14BFB6
:1056A80001200420F5E70020F3E70120F1E70220BC
:1056B800EFE70420EDE700BFD005FF0F1106FF0F4D
:1056C80064350020683500206C3500203436002011
:1056D8004C3600206036002030B587B003AB194641
:1056E8001C4A12F8015B03F8015B002DF9D11A4B33
:1056F8009622CDE9005319482B46FFF79FFE044632
:1057080030B9174B17481B6803F082FB07B030BD50
:10571800012C16D101F0A8FC0128044611D102F091
:105728000BF94FF0FF32104B1A60104B1C60104BF6
:105738001D60104B1B685A6B0F4B1A6002F01EF865
:10574800DFE70134DDD140F6BB620C490C4809F0B3
:10575800D7FFD6E71706FF0F243600202954FE0F7F
:10576800683000204D06FF0F2836002048360020FC
:105778007436002064350020040000E0D005FF0FD7
:105788001C06FF0F024A136801331360704700BFFD
:10579800F0350020014B1868704700BF74360020B0
:1057A800014B1868704700BFE83500202DE9F74F16
:1057B800514B524A19681160514A1268002A40F048
:1057C80095801C6801341C60A4B94E4D2B681B6879
:1057D8002BB141F272224C494C4809F091FF4C4BD5
:1057E8002A68196829601A604A4A136801331360E5
:1057F800FFF7E0FD484900200B6801919C4207D261
:10580800464B1B68002B18BF012003B0BDE8F08F82
:1058180084464FF0010A4FF014083A4FDFF80CE1C4
:105828003F4D3B681B6823B94FF0FF33019A136063
:10583800E6E73B68DB68DB685A68944202D2019B62
:105848001A60DDE7D3F81490D3E9022696609A68C7
:105858007260D9F804201E1DB24204BFDA68C9F884
:105868000420C3F814C0D9F80020013AC9F8002070
:10587800D3F82890B9F1000F14D0D3E907128A6041
:10588800D96903F1180B5160D9F804205A4504BFAF
:105898001A6AC9F80420C3F828C0D9F80020013AC8
:1058A800C9F80020DA6ADEF800B00AFA02F908FB43
:1058B8000252526849EA0B099A60CEF80090D2F871
:1058C8000890C3F80C90C9F804609660DA6A08FB7F
:1058D80002F2AE185E61AE580136AE50114A166833
:1058E800DA6AF36A9A4288BF01209AE70E4A0020D2
:1058F80013680133136088E774360020080000E05D
:10590800F035002068350020D005FF0FA006FF0FF6
:105918006C3500202C3600202836002078360020F0
:10592800703500206435002030360020F83500201E
:105938002DE9F84F454C01F091FE23682BB940F64C
:105948009E724349434809F0DBFE2368013B23600C
:1059580023682BB1002401F08FFE2046BDE8F88FA4
:105968003D4A1268002AF5D0994698460126142720
:105978003A4D3B49DFF8F8E0DFF8F0C048E0394B32
:10598800DB68DB68986AD3E907249460D3E90742A7
:105998005460426803F1180A524504BF1A6A42600B
:1059A800C3F828900268013A02605869D3E90242B4
:1059B800A2609C6803F1040A54604268D5F800B0FC
:1059C800524504BFDA684260C3F814800268013A9D
:1059D8000260DA6A06FA02F007FB0212526840EA2D
:1059E8000B009A6028609068D860C0F804A0C2F8DC
:1059F80008A0DA6A7A4388185861885801308850B4
:105A0800DEF80000DA6AC06A824201D9CCF8006088
:105A1800144A1268002AB2D10BB1FFF7CBFC124D21
:105A28002C6844B10127114EFFF7C0FE00B1376062
:105A3800013CF9D12C600D4B1B68002B8AD00C4B14
:105A480001241B6801F0FEFD85E700BFF03500204A
:105A5800D005FF0FCB06FF0FE8350020F8350020F2
:105A6800703500203436002030360020783600208B
:105A78006435002070B50C46054628B94FF413620A
:105A88001A491B4809F03CFE2CB940F63112174957
:105A9800184809F035FEFFF775FE174B1E68174BBF
:105AA8001B68012B05D040F639121049144809F03B
:105AB80027FE2A6810192CBF01240024B24228604E
:105AC8000BD934B9FFF734FF08B901F0BBFD204604
:105AD80070BD864204D30024F4E70CB98642F1D2A3
:105AE8000021801BFFF70CFC0124EBE7D005FF0F1A
:105AF800E606FF0FF906FF0F74360020F035002088
:105B08001107FF0F10B5044618B9BDE8104001F0A1
:105B180099BDFFF737FE094B1B68012B05D040F6EE
:105B28008F120749074809F0EBFD00212046FFF7CF
:105B3800E7FBFFF7FDFE0028E7D010BDF035002099
:105B4800D005FF0F1107FF0F38B50D46044608B9F9
:105B5800044B1C6801F082FD6565BDE8384001F022
:105B68008BBD00BF6435002038B5194B1A68194B36
:105B780012B101221A6038BD1A60174B1C68B4FABA
:105B880084F41423C4F11F046343144DEB582BB958
:105B980041F20D421249134809F0B2FD142202FBEA
:105BA80004F3E9184868083340682B44984202FB1C
:105BB800045408BFCB68486008BF4B606368DA6864
:105BC800094B1A601A68516B084A11601B68D2E7C2
:105BD800F035002078360020F83500207035002098
:105BE800D005FF0F2C07FF0F64350020040000E0EC
:105BF80038B50D46044628B941F29342074908488A
:105C080009F07EFD074B204619681831FFF750FB55
:105C18002846BDE838400121FFF772BBD005FF0FC9
:105C28007307FF0F6435002070B50D46164604460D
:105C380028B941F2B1421449144809F061FD144BE6
:105C48001B682BB941F2B5420F49124809F058FDBB
:105C5800114B45F000451A68196895616268CA6178
:105C680090681968086219681831416019681B68DA
:105C7800183191609C62236830460133236001210A
:105C8800BDE87040FFF73CBBD005FF0F7307FF0F5F
:105C9800F03500207F07FF0F6435002070B50E46F1
:105CA8001546044628B941F2D1421249124809F072
:105CB80027FD124B62681968002DCA61906819683F
:105CC8000862196801F11801416019681B6801F13F
:105CD800180191609C622368294603F1010323603F
:105CE80008BF3046BDE8704018BF4FF0FF30FFF7DF
:105CF80007BB00BFD005FF0F7307FF0F64350020F7
:105D080038B5C368DC682CB941F208522C492D48D3
:105D180009F0F6FCD4E90712A36A8A60E1695160C8
:105D28005A6804F118018A4204BF226A5A600022A4
:105D3800A2621A68013A1A60234B1B68002B33D100
:105D4800D4E9021263698A60A168201D51605A680B
:105D5800824204BFE2685A60002262611A68013A0E
:105D68001A600123194AE16A15688B402B431360B6
:105D78001423174A03FB01214968A1608D68E56077
:105D880068608860E16A4B43D1186161D15801317C
:105D9800D150104BE26A1B68DB6A9A4285BF01202A
:105DA8000D4B0020186038BD0C4B5A68E2619068B2
:105DB8002062416091601A68A36201321A60E8E7C4
:105DC800D005FF0FAA07FF0FF0350020F835002097
:105DD80070350020643500207836002034360020E5
:105DE80070B52C4B05461B680C462BB941F2565230
:105DF80029492A4809F084FC44F000442C60EC68E6
:105E08002CB941F261522449254809F079FCD5E9B9
:105E180001122B698A60696851605A68AA4204BFF6
:105E2800AA685A6000222A61012519680139196097
:105E38006369D4E902018160A06848605968201D3F
:105E4800814204BFE168596062611A68013A1A60C8
:105E5800144AE16A166805FA01F333431360142300
:105E6800114A03FB01214968A1608E68E6607060F1
:105E78008860E16A4B43D1186161D1582944D150F7
:105E88000A4BE26A1B68DB6A9A4284BF084B1D60B2
:105E980070BD00BFF0350020D005FF0F7F07FF0F52
:105EA800AA07FF0FF8350020703500206435002060
:105EB80078360020034B1B680360034B1B68436064
:105EC800704700BF2C3600207436002070B50D4690
:105ED800044628B941F2B8521549164809F010FC91
:105EE8002DB941F2B9521249134809F009FC01F0E1
:105EF800B5FB124B19682B685A1C17D01048266836
:105F080000686268864208D08A4206D800230124C5
:105F18002B6001F0B1FB204670BD881A8342F5D989
:105F28005B1A134420462B60FFF7C4FF0024F0E7F8
:105F3800D005FF0FB907FF0FC307FF0F7436002006
:105F48002C3600200122014B1A6070477836002059
:105F580070B50C461646054608B9244A156805F179
:105F6800340225606260EA6A052B22612A6BE261CD
:105F78002A6822622A6C62626A6CA260EA6C6261B8
:105F88004FF00002A26128D018490968A94209D136
:105F980022734EB30023296BCA5CA52A22D09B0822
:105FA800A36270BD032B237307D1FFF7EBFBAB6A2A
:105FB80073B102232373FFF7BBFC01F04FFB0C4BBB
:105FC800AA6A9A4204BF0123237301F055FBE0E754
:105FD80095F85C30012BECD0EDE72846FFF72EFB57
:105FE8002073D6E70133D7E7A662DAE764350020E5
:105FF800343600202DE9F8430C68064617463CB1B4
:1060080000244FF02C09CD6801F10808454502D15C
:106018002046BDE8F88309FB0461E8683B46012295
:10602800FFF796FF01346D68F0E700002DE9F047AF
:1060380004469046FFF7A6FB1F4B1B688B4239D8D6
:10604800062500274FF0140A2C26DFF88090013D22
:1060580006FB074001220AFB0591FFF7CBFF074427
:10606800002DF4D1154B0222196806FB0740FFF7F3
:10607800C1FF134B07441968022206FB0740FFF7CC
:10608800B9FF0744042206FB07400E49FFF7B2FF99
:10609800074406FB074003220B49FFF7ABFF074401
:1060A800B8F1000F01D0C8F80050FFF741FC38469E
:1060B800BDE8F0870027F8E7E835002068350020BC
:1060C8006C350020603600204C36002070350020EA
:1060D800054B1B6833B1054B1B68002B0CBF022016
:1060E800002070470120704748360020F035002016
:1060F800F8B5044600283BD0244AC36A11681646FE
:10610800C96A8B423AD28269214D002AA1BF3268FE
:10611800D26AC2F106028261142202FB0353426969
:106128009A4226D1071D3846FFF7D9F8194B30B9DE
:106138000121E06A1A68814022EA01021A600120FE
:1061480032681E68D26A00FA02F1314319601423DA
:10615800E26203FB02525268A2609168E1604F60FC
:106168009760E26A5343EA186261EA580244EA50C7
:10617800F8BD3368DB6AC3620120F9E71368C06CB5
:10618800DC6AA0422CBF00200120F1E76435002022
:1061980070350020F835002070B5044608B9002095
:1061A80070BD224B1B68834205D041F63B22204933
:1061B800204809F0A5FA236D2BB941F63C221C4969
:1061C8001D4809F09DFA236DE16AE26C013B91429A
:1061D8002365E4D0002BE2D1251D2846FFF77FF880
:1061E800164B30B90121E06A1A68814022EA01029F
:1061F8001A600120E26C1E68C2F10601A16100FA72
:1062080002F13143196014230D49E26203FB0212C3
:106218005268A2609668E66075609560E26A5343CA
:10622800CA186261CA580244CA50B9E764350020E6
:10623800D005FF0FD107FF0FE707FF0FF835002044
:106248007035002070B50D46044600284DD0036D0A
:106258002BB941F699222549254809F051FAE16CF4
:10626800E36A8D4238BF0D46AB423ED0236D012B09
:106278003BD1204B1B68A34205D141F6B4221B49F0
:106288001D4809F03DFAA269E36A002A4FF014029A
:10629800E562A4BFC5F10605A561184D02FB0353CD
:1062A80062699A4221D1261D3046FFF718F8E26A42
:1062B800134928B901200B68904023EA00030B60BA
:1062C80001230868934003430B60142303FB025225
:1062D8005268A2609168E1604E609660E26A53433A
:1062E800EA186261EA580132EA5070BDD005FF0F22
:1062F800E707FF0F64350020FC07FF0F703500200B
:10630800F8350020044B1A68196890691A68CB6A36
:10631800C3F106039361704764350020034B186886
:1063280010B1036D01330365704700BF6435002069
:1063380010B5044601F092F9A46B01F09DF9B4FA86
:1063480084F0400910BDF8B51546026C0446866B0A
:1063580052B9076847BB8068FFF71EFF0546A7606C
:1063680001362846A663F8BD65B94068FEF7AAFB62
:106378006368226C1344A26863609342F0D3236875
:106388006360EDE7C068FEF79DFB226CE36851424D
:106398009B1A2268E36093423EBFA3685B18E360E0
:1063A800022D01D116B1013E0025D9E73546D7E7C0
:1063B80003461A6C084610B46AB1DC68996814443C
:1063C8008C4228BF1968DC6028BFD960D9685DF89D
:1063D800044BFEF777BB5DF8044B704770B5044675
:1063E80001F03CF994F8455004F124066DB2002DF3
:1063F80014DCFF2384F8453001F03EF901F02EF952
:1064080094F8445004F110066DB2002D12DCFF23FD
:1064180084F84430BDE8704001F02EB9636A002B5F
:10642800E7D03046FFF76CFC08B1FFF78BFD013D64
:106438006DB2DCE72369002BE9D03046FFF760FC3A
:1064480008B1FFF77FFD013D6DB2DEE770B50E467E
:106458000446B0B940F237121E491F4809F050F9F6
:106468001E484FF4B6721B4909F04AF9002030E083
:1064780004F11000FEF70EFF04F12400FEF70AFFF6
:1064880024E0C56B002DEBD0236CA3FB0535002D54
:10649800E6D101F0E3F8D4E90F314B432268A56354
:1064A800D0185B1A1344E360FF23A06084F84430DB
:1064B800626084F84530002EDAD1236933B104F1E3
:1064C8001000FFF71DFC08B101F0BCF801F0D4F88A
:1064D800012070BD1208FF0F2B08FF0F3308FF0FB4
:1064E800F8B50D4617460646D8B1A0FB0123C3B937
:1064F800484310F1510F14D8503000F091FF044672
:1065080058B165B100F1500301212046C4E90F6577
:106518002360FFF79BFF84F84C702046F8BD0346C4
:10652800F2E740F22A220349034809F0E9F8002477
:10653800F3E700BF1208FF0F4508FF0F10B50C4620
:1065480040B1884206D302220021FFF7C9FF00B1FB
:10655800846310BD034840F29F32034909F0D0F824
:106568000020F6E75008FF0F1208FF0F2DE9FF473C
:106578000F461E460446019228B940F2B6324F49EA
:106588004F4809F0BDF83FB9236C2BB140F2B73240
:106598004A494C4809F0B4F8022E08D1E36B012BA4
:1065A80005D04FF46E724549474809F0A9F8FFF73E
:1065B8008FFD38B9019B2BB140F2BB323F494348AC
:1065C80009F09EF84FF0000AD046DFF8049101F078
:1065D80045F8A26BE36B9A4201D3022E18D1A36C43
:1065E8003B4A43F480731360394632462046FFF72E
:1065F800AAFE636A1BB104F12400FFF781FB08B10E
:1066080001F020F801F038F8012004B0BDE8F08767
:10661800019D45B901F030F8A36C2D4A43F400738D
:1066280000201360F1E7BAF1000F02D102A8FFF7CA
:1066380041FC01F021F8FFF7A5F801F00FF894F8F4
:106648004430FF2B08BF84F8448094F84530FF2B72
:1066580008BF84F8458001F00FF801A902A8FFF7E8
:1066680035FC20BB00F0FAFFA26BE36B9A4214D111
:1066780001F002F8A36C04F1100043F48063C9F838
:1066880000300199FFF7B4FA2046FFF7A7FEFFF79D
:106698004FF948B900F0D6FF06E000F0EDFF2046BC
:1066A800FFF79CFEFFF744F94FF0010A8FE72046F9
:1066B800FFF794FEFFF73CF9AEE700BF1208FF0FA3
:1066C8002B08FF0F5808FF0FA808FF0FEF08FF0F50
:1066D8000C0000E0024610B500210120FFF700FF82
:1066E800044638B100231A46194683600360C36024
:1066F800FFF73CFF204610BD2DE9F8438946904638
:106708001F46044628B94FF492622C492C4808F0D9
:10671800F7FFB9F1000F07D1236C2BB140F291427A
:106728002649284808F0ECFF022F08D1E36B012B1B
:1067380005D040F292422149234808F0E1FF01F0D8
:10674800A5F801F0F9F8A26BE36B06469A4201D36B
:10675800022F31D194F845503A46494620466DB249
:10676800A36BFFF7F0FD6B1C15D1636A0BB901240D
:106778000BE004F12400FFF7C3FA0028F7D0B8F1C2
:10678800000FF4D00124C8F80040304601F0DFF8CB
:106798002046BDE8F883FFF703F88542E7D27F2D4E
:1067A80005D140F21E520549084808F0A9FF0135F5
:1067B8006DB284F84550DAE70024E6E71208FF0FC7
:1067C8002B08FF0F5808FF0FA808FF0F4509FF0FF8
:1067D800F8B50E46044628B94FF4A862254926485C
:1067E80008F08EFF236C2BB140F244522149234814
:1067F80008F086FF23683BB9A3682BB140F24952E1
:106808001C491F4808F07CFF01F040F801F094F89B
:10681800A36BE26B07469A422AD994F845200133C4
:10682800FF2A55B2A36312D1636A0BB9012409E0A8
:1068380004F12400FFF764FA0028F7D0002EF5D001
:1068480001243460384601F082F82046F8BDFEF78E
:10685800A7FF8542EAD27F2D05D140F2CB520549E8
:10686800084808F04DFF01356DB284F84550DDE762
:106878000024E7E71208FF0F2B08FF0F6209FF0F3C
:106888007B09FF0F4509FF0F2DE9F04385B00E4640
:106898000446019228B940F2E9524249424808F0B8
:1068A8002FFF3EB9236C2BB140F2ED523D493F48D2
:1068B80008F026FFFFF70CFC38B9019B2BB140F21A
:1068C800F25238493A4808F01BFF4FF000094F468A
:1068D800DFF8E08000F0C2FEA56BA5B13146204686
:1068E800FFF766FD2369013DA56333B104F110008C
:1068F800FFF706FA08B100F0A5FE00F0BDFE012082
:1069080005B0BDE8F083019D1DB900F0B5FE00207B
:10691800F6E7B9F1000F02D102A8FFF7CBFA00F0B1
:10692800ABFEFEF72FFF00F099FE94F84430FF2BE2
:1069380008BF84F8447094F84530FF2B08BF84F8EA
:10694800457000F099FE01A902A8FFF7BFFAF0B957
:106958002046FFF7EDFCA0B1A36C04F1240043F43A
:106968004073C8F800300199FFF742F92046FFF755
:1069780035FDFEF7DDFF08B900F064FE4FF00109B0
:10698800A8E72046FFF72AFDFEF7D2FFF6E72046E4
:10699800FFF724FDFEF7CCFF2046FFF7C9FC0028CF
:1069A800ECD0B4E71208FF0FE209FF0FEE09FF0F62
:1069B800EF08FF0F0C0000E02DE9F04385B0044616
:1069C800019128B940F282624E494F4808F098FE7A
:1069D800236C2BB140F286624A494C4808F090FE7D
:1069E800FFF776FB38B9019B2BB140F28B62454922
:1069F800474808F085FE00252F462E46DFF814810B
:106A080000F02CFEA36BB3B1013BA363236813B959
:106A1800FFF784FCA060236933B104F11000FFF78D
:106A28006FF908B100F00EFE00F026FE0125284699
:106A380005B0BDE8F083DDF80490B9F1000F03D18B
:106A480000F01AFE0025F2E717B902A8FFF732FA9C
:106A580000F012FEFEF796FE00F000FE94F84430B7
:106A6800FF2B08BF84F8446094F84530FF2B08BF1B
:106A780084F8456000F000FE01A902A8FFF726FA95
:106A880038BB2046FFF754FCE8B1A36C43F44073CD
:106A9800C8F8003023683BB900F0E0FDA068FFF7B4
:106AA80027FB054600F0E8FD019904F12400FFF7F3
:106AB8009FF82046FFF792FCFEF73AFF08B900F06E
:106AC800C1FD01279CE72046FFF788FCFEF730FF51
:106AD800F7E72046FFF782FCFEF72AFF2046FFF77C
:106AE80027FC0028EDD0002DA1D000F0B7FD616A89
:106AF80019B1236B1968C1F10601A068FFF7A2FB61
:106B08009EE700BF1208FF0FE209FF0F6209FF0F9F
:106B1800EF08FF0F0C0000E02DE9FF410E46044688
:106B2800019228B940F261723C493D4808F0E8FDFD
:106B38003EB9236C2BB140F265723849394808F0E8
:106B4800DFFDFFF7C5FA38B9019B2BB140F26A7235
:106B58003249354808F0D4FD0027B84600F07EFDDC
:106B6800A36BA3B131462046E568FFF721FC636AB1
:106B7800E56033B104F12400FFF7C2F808B100F072
:106B880061FD00F079FD012004B0BDE8F081019DB0
:106B98001DB900F071FD0020F6E717B902A8FFF74C
:106BA80089F900F069FDFEF7EDFD00F057FD94F856
:106BB8004430FF2B08BF84F8448094F84530FF2BFD
:106BC80008BF84F8458000F057FD01A902A8FFF727
:106BD8007DF9C0B92046FFF7ABFB70B1019904F10C
:106BE8002400FFF705F82046FFF7F8FBFEF7A0FEA4
:106BF80008B900F027FD0127B0E72046FFF7EEFBB4
:106C0800FEF796FEF7E72046FFF7E8FBFEF790FE53
:106C18002046FFF78DFB0028EDD0BCE71208FF0FD8
:106C2800E209FF0FEE09FF0FEF08FF0F2DE9F84308
:106C380089469046054628B940F2FD722349244802
:106C480008F05EFDB9F1000F07D12B6C2BB140F2B3
:106C5800FE721E491F4808F053FD00F017FE00F0B1
:106C68006BFEAC6B0746D4B195F84460494628469C
:106C780076B2FFF79DFB013C731CAC6315D12B6901
:106C88000BB901240BE005F11000FFF739F80028D3
:106C9800F7D0B8F1000FF4D00124C8F80040384606
:106CA80000F055FE2046BDE8F883FEF779FD8642E0
:106CB800E7D27F2E05D140F644020449064808F081
:106CC8001FFD013676B285F84460DAE71208FF0F37
:106CD8002B08FF0F410AFF0F8C0AFF0F13B504465C
:106CE80028B940F69B020649064808F009FD00F05D
:106CF800B5FCA06B019000F0BFFC019802B010BD7C
:106D08001208FF0F2C08FF0F70B50D46044628B96E
:106D180040F6C9320E490F4808F0F2FCBDB1002315
:106D28000D4A194610465668A64204D100EBC10325
:106D3800C3E900540BE01BB91668002E08BF1346C0
:106D480001310A2902F10802EDD1002BF0D170BD02
:106D58001208FF0F2C08FF0FA8B5002070B50446D5
:106D68000D46164600F07AFC94F84430FF2B04BF19
:106D7800002384F8443094F84530FF2B04BF0023E7
:106D880084F8453000F078FCA36B2BB932462946CD
:106D980004F12400FEF782FF2046BDE87040FFF7AB
:106DA8001DBB0000F8B50F4C00F058FC2568ADB9C4
:106DB8000D4F0E4E3846FEF76DFA3046FEF76AFA6A
:106DC8000B4B2A461F600B4B102114201E60FFF747
:106DD80087FB206010B10849FFF796FFBDE8F8402F
:106DE80000F04ABCB03600208436002098360020D7
:106DF8007C36002080360020A90AFF0F914208B592
:106E0800416000610AD8D21A83699A420DD2084BB0
:106E1800011D1868FEF74CFA002008BD9A4201D2FD
:106E2800994202D2034B011DF3E70120F5E700BFA9
:106E3800803600207C36002070B504460D46164684
:106E4800A1692B46324620462944FFF7D7FF00B9EF
:106E580070BDA36920461D44236A9847F0E70000E7
:106E680037B50F4B05461B680191DB68DC68201DB0
:106E7800FEF735FA94F82830019A13F0040F09D078
:106E880029462046FFF7D8FF2046236A03B0BDE80D
:106E98003040184723F0010384F82830F4E700BF96
:106EA8007C36002010B5084C23681A6822B9074AB6
:106EB80011681360216010BDDB684FF0FF3118685E
:106EC800FFF7CEFFF0E700BF7C36002080360020B9
:106ED8002DE9FF475E4E37465E4B1B68D3F800909E
:106EE800B9F1000F23D00025DB68D3F80090FEF736
:106EF80049FCFEF74FFC336804469842DFF85C8192
:106F080017D33060002D45D0534B1B681D68B5FA68
:106F180085F56D092A46D8F80000A9EB0401FFF7AA
:106F28001DFFFEF705FD48B900F08CFB06E00125C2
:106F3800DDE7FFF7B7FF3460FEF7FAFC1022002107
:106F48006846FDF735FEDFF81891DFF818A1002232
:106F58006946D8F80000FFF797FC0028BCD0009BD2
:106F68000298002B1FDB029C63691BBBFEF712FC17
:106F78003B680546984201D2FFF794FF009B3D60AD
:106F8800013B082BE3D8DFE803F019193C435A19F1
:106F9800193C43008145BDD8FEF7CAFC2146484646
:106FA800FFF75EFFCAE7019B03999847009B002BF8
:106FB800CDDBD8E7201DFEF792F9D7E794F8283003
:106FC800A16943F0010384F82830019B2A46204632
:106FD8001944FFF713FF0028B9D094F8283059074F
:106FE8000AD5A36901992A4620461944FFF724FFC8
:106FF8002046236A9847AAE723F0010384F828303B
:10700800F6E794F8283023F0010384F828309EE747
:1070180094F8283043F0010384F82830019BA361D9
:107028002BB94FF482624946504608F069FBA169C2
:107038002B462A4620462944FFF7E0FE87E794F8C6
:1070480028309A07DFD4204600F080FA7FE700BF97
:10705800AC3600207C36002080360020B036002078
:10706800AE0AFF0FC80AFF0F07B5FFF79BFE0D4BCF
:107078001B684BB90C484FF4A3720C4908F040FB4D
:10708800002003B05DF804FB094B4FF4167201931E
:1070980001230849009308480023FEF7CFF9002888
:1070A800E8D0EEE7B0360020ED0AFF0FAE0AFF0F7A
:1070B800B4360020F50AFF0FD96EFE0F2DE9F04116
:1070C80080462C200D4616461F4600F0A9F90446B6
:1070D800D8B1002380F828302DB940F2A9120C4904
:1070E8000C4808F00DFBFFF75DFE069BC4E9065748
:1070F800C4F800802362201DFEF7D7F82EB194F85B
:10710800283043F0040384F828302046BDE8F08195
:10711800AE0AFF0FFD0AFF0FF0B50C4617460546ED
:1071280085B028B940F2CD121149124808F0E8FAA2
:10713800114E306858B1052CCDE9004702950BDD9A
:107148000E484FF4EC720A4908F0DAFA002005B04C
:10715800F0BD00231A4605E0FEF7BAFF0228F8D171
:1071680000230A9A69463068FFF700FAEFE700BF84
:10717800AE0AFF0F190BFF0FB0360020200BFF0FD0
:1071880013B5044628B940F2AE420649064808F04D
:10719800B7FA00F063FAE069019000F06DFA01981F
:1071A80002B010BDAE0AFF0F190BFF0F1FB5144632
:1071B8001A466FF00103CDE900300548CDE9021405
:1071C800002369460068FFF797FA04B010BD00BFB6
:1071D800B036002010B51C2000F022F9044620B17A
:1071E800002340F8043BFEF755F8204610BD000088
:1071F8002DE9F843DDF820800D46174699460646E6
:1072080028B940F24B123649364808F079FA15F099
:107218007F4F2ED04FF4A6723149334808F070FAE8
:10722800FEF756FF40B9B8F1000F05D04FF4A87229
:107238002B492E4808F064FAFEF7A4FA346805EAE8
:107248000403B9F1000F1BD1E3B9B8F1000F1FD047
:10725800002F0CBF00214FF08071B9F1000F01D051
:1072680041F0806142462943301DFEF7DDFC0024D1
:107278000EE0002DD4D140F24D1219491C48CDE73B
:107288009D42E2D10FB34FF0000824EA05033360B2
:10729800FEF74EFBB8F1000F14D008B900F0D2F990
:1072A800FFF730F8830104460AD400F0D7F93468B0
:1072B80005EA0403B9F1000F09D153B900F0DCF96C
:1072C80024F07F442046BDE8F883B846E0E79D42B5
:1072D800F4D1002FF2D024EA05053560EEE700BFAF
:1072E800470BFF0F670BFF0F730BFF0FEF08FF0F25
:1072F800AC0BFF0F70B50C46054628B94FF4FD726C
:107308000B490C4808F0FCF914F07F4F05D040F207
:10731800FB120749084808F0F3F900F09FF92E68B6
:1073280026EA04042C6000F0A7F9304670BD00BFBF
:10733800470BFF0F670BFF0FC10BFF0F2DE9F04144
:107348000D46044628B940F24A221B491B4808F05A
:10735800D7F915F07F4F05D040F24B22164918484F
:1073680008F0CEF9FEF70EFA2168206929430025B6
:1073780004F10C062160B042216807D121EA050119
:107388002160FEF7D5FA2068BDE8F081D0E9002831
:1073980022F07F4312F0806F03EA010702D11FB980
:1073A8004046E8E7BB42FBD1D20141F0007148BF3B
:1073B8001D43FEF715FDF3E7470BFF0F670BFF0FA4
:1073C800F80BFF0FFFF7BABF13460A4601460148FC
:1073D800FFF7ECBECD73FE0F10B50F4B1A461B68B6
:1073E8008342FBD354681119884201BF4168104693
:1073F8000919516041684418A34208D1074C246810
:10740800A34204D05B680B44436013681B68904236
:10741800036018BF106010BDC8860020B836002071
:107428002DE9F8430446FEF7ADF93E493E4E0B6898
:10743800D3B93E4B3E4A58074FF000001CBF0733F4
:1074480023F00703136050603A4A22F00702C2E9AA
:107458000000D01AC3E90020374B0A601860374B88
:1074680018604FF00043336033681C4207D0FEF7C2
:107478005FFA002701F0EEFA3846BDE8F883002CE1
:10748800F5D004F1080562071CBF25F0070508358B
:10749800002DECD0294B1A689846AA42E7D3244B12
:1074A8001C686268AA4202D22268002A37D10A6898
:1074B800A242DCD022681F681A60636808375B1B29
:1074C800102B11D904EB050919F0070F04D0E82295
:1074D8001B491C4808F014F9636848465B1BC9F847
:1074E80004306560FFF778FF13496268D8F8003008
:1074F80008689B1A834238BF0B60C8F800303368AD
:107508001343636000232360FEF712FA7B07B3D0AE
:107518004FF494720A490C4808F0F2F8ACE7234695
:107528001446BEE7B8360020BC860020BC360020D2
:10753800C8860020B4860020C4860020C0860020AB
:107548002D0CFF0F580CFF0F990CFF0F38B5044690
:1075580080B3194D50F8041C2A68114205D14FF424
:107568009E721649164808F0CBF854F8083C2BB11F
:1075780040F23D121149134808F0C2F854F8043C8F
:107588002A68134216D054F8081C99B923EA020352
:1075980044F8043CFEF7F6F80B4A54F8043C11682A
:1075A800A4F108000B441360FFF716FFBDE838404C
:1075B800FEF7BEB938BD00BFBC8600202D0CFF0FFA
:1075C800D60CFF0F070DFF0FC0860020014B18686F
:1075D800704700BFC0860020002307B50193094B00
:1075E8001B68013305D040F231320749074808F0DB
:1075F80087F800F0A1F9019B002BFCD003B05DF8DF
:1076080004FB00BF6C300020270DFF0F640DFF0F37
:1076180004230021074A1360074B19604FF47A715D
:10762800064B1B68B3FBF1F30549013B0B600723CD
:107638001360704710E000E018E000E0A03400207C
:1076480014E000E04FF08052034B1A60BFF34F8FF5
:10765800BFF36F8F704700BF04ED00E008B500F07E
:107668006BF9044A136801331360BFF34F8FBFF3FC
:107678006F8F08BD6C30002010B5094C23682BB9FA
:1076880040F2EA320749084808F03AF82368013B13
:107698002360206818B9BDE8104000F058B910BD43
:1076A8006C300020270DFF0F7E0DFF0F10B500F086
:1076B80043F90446FEF77AF818B14FF08052034BAD
:1076C8001A602046BDE8104000F041B904ED00E022
:1076D800836913F8023C662B0CD1094A136843F4FA
:1076E80070031360D2F8AC3143F04043C2F8AC31B8
:1076F80000F0FCB840F287420249034808F000B89D
:1077080088ED00E0270DFF0F900DFF0F10B54FF02B
:10771800807440E90224184A4FF0123440F80C2CC7
:107728004FF003324FF0023C40E905244FF001329C
:1077380040F8203C40E9072C4FF010334FF011324D
:107748004FF0093440E90A324FF008334FF0073C54
:1077580040E90C344FF006334FF0053240E90E3C57
:107768004FF0043340E910326FF0020340F8443C14
:1077780040F8481D10BD00BFE175FE0F37B5364B08
:107788001C68364BE26A9A4205D040F2447234498A
:10779800344807F0B5FFA26B334B9A4205D040F24C
:1077A80045722F49314807F0ABFF002301934FF092
:1077B8007F432F4C2F4A236023681B0E8DF803301C
:1077C8009DF8033003F0400313702BB940F2637245
:1077D8002349294807F094FF9DF803305B0605D438
:1077E80040F267721E49254807F08AFF9DF803306A
:1077F80013F0800F019B25D1082B08BF00234FF001
:10780800000518BF019B1E4A18BFC3F107031B02DE
:1078180003F4E06313601B4B1A6842F47F021A609A
:107828001A6842F07F421A602560FFF7F1FE164B96
:107838001D6000F071F8FEF797F9FFF7CDFE2846B6
:1078480003B030BD013301939DF803305B00DBB218
:107858008DF80330CAE700BF08ED00E0C179FE0FDC
:10786800270DFF0F980DFF0F6579FE0FCD0DFF0F48
:107878001CED00E0D08600207F0EFF0F080EFF0FE2
:10788800D486002020ED00E06C30002008B5EFF32E
:1078980005830F2B0BD90E4A9B5C0E4A12789A422D
:1078A80005D940F6C3020C490C4807F029FF0C4BD8
:1078B8000C4A1B68126803F4E063934207D9BDE8D9
:1078C800084040F6D3020449074807F019BF08BD2D
:1078D800F0E300E0D0860020270DFF0F6A0EFF0FAF
:1078E8000CED00E0D4860020940EFF0F094A1168C1
:1078F800086806C881F30B88022181F314882030B8
:1079080080F30988BFF36F8F4FF0000080F3118870
:10791800104700006435002006480068006880F3BE
:10792800088862B661B6BFF34F8FBFF36F8F66DF0B
:1079380000BF000008ED00E0EFF311804FF04001B8
:1079480081F31188BFF34F8FBFF36F8F704780F3B8
:107958001188BFF34F8FBFF36F8F7047EFF3098024
:107968001EF0100F08BF20ED108AEFF30B8273464C
:1079780020E9FC0F0F4A116808604FF0400080F3BF
:107988001188BFF34F8FBFF36F8FFEF7EDF84FF0FD
:10799800000080F31188074A11680868B0E8FC0FF6
:1079A80013F0100F08BFB0EC108A82F30B8880F335
:1079B80009881847643500201EF0040F0CBFEFF348
:1079C8000880EFF30980014908470000D976FE0FC7
:1079D8002DE9F04F2DED028B8BB002F0BDFD092093
:1079E80000F0D2FE00239FEDC88AC84C00930920FE
:1079F80002A900F0E3FE9DF80A30012B00F0C481D3
:107A0800022B00F0E481002B40F06781C04DBDF9E6
:107A180011002B69BDF91310BDF9152018802B69C9
:107A280059802B699A802B69BA4A063393422A46B1
:107A380028BF0123297B29BF14322B612A616B736C
:107A4800002961D16B7B002B5ED000263746B046FB
:107A5800B246B146B346AE48B0F914200131D31747
:107A680019EB0209B0F916204BEB030BD31718EBEF
:107A78000208B0F918204AEB030AB6184FEAE27375
:107A880043EB0707B1F5806F00F10600E4D1A24A85
:107A9800136803F57A730193FDF77CFE019B83421B
:107AA80025D2FDF777FE9C4A594610604846FCF7F8
:107AB8008FFDDFED9A8A07EE900A67EEA87A5146A5
:107AC800C5ED007A4046FCF783FD07EE900A67EEA5
:107AD800A87A3046C5ED017A3946FCF779FD07EEFC
:107AE800900A67EEA87A0123C5ED027A2B732B7BE7
:107AF80053B1072004F034F80420894900F072FFDC
:107B08008849894808F012F895ED007A95ED015AF0
:107B1800D5ED025A854B864A83ED007A83ED015AEA
:107B2800C3ED025A2B7BDFED838A834D1370C3B3F9
:107B3800824A1378ABBBBDF90F30814906EE903A03
:107B4800BDF90B30F8EEE66A06EE103ABDF90D30D5
:107B5800B8EEC66A07EE903AF8EEE77A67EEA87ACA
:107B680026EE286A67EEA77A66EEA86AE6EE067A37
:107B7800E6EEA67A734BF1EEE76AD3ED007A76EE7D
:107B8800A76AC3ED006A0B680133B3F57A7F0B600F
:107B980007D19FED6D6AC6EE867A0123C5ED007A9E
:107BA8001370BDF91130DFED696A00EE103AB8EED6
:107BB800C00ABDF9133030EE470A07EE103ABDF996
:107BC8001530B8EEC77A07EE903AF8EEE77A37EE56
:107BD800457A77EEE57A27EE267A67EEA67A20EEE2
:107BE800260A5B4884ED047AC4ED057A84ED030A1D
:107BF80007F058FD574884ED030A94ED040A07F08E
:107C080051FD554884ED040A94ED050A07F04AFD34
:107C1800BDF90B3095ED007A07EE903AF8EEE77A69
:107C280067EEA87ABDF90D3087EE876A07EE903ABD
:107C3800F8EEE77A67EEA87ABDF90F30C7EE875AF3
:107C480007EE903AF8EEE77A67EEA88A434BC8EE5B
:107C5800877A93ED005A424B84ED050AD3ED006A0A
:107C680026EEE77A67EE857A3E4BA5EE857AE5EE55
:107C7800A67AD3ED005A3C4B3C48D3ED006A26EE79
:107C8800E70A67EEA57AA6EE250AE6EE667A84ED9F
:107C9800017AC4ED027A84ED000A07F003FD344846
:107CA80084ED000A94ED010A07F0FCFC314884EDEC
:107CB800010A94ED020A07F0F5FC2F48022300227E
:107CC8001249006884ED020AFEF750FC02230022E4
:107CD8002A492B480068FEF749FC009B5BB9144B06
:107CE8001B7800933BB1012302A88DF80A308DF868
:107CF800083000F099FD002322481A46194600680A
:107D0800FEF734FC73E600BFCDAC2644D09F0020BC
:107D180054870020689F002020A000200000803A9F
:107D28003C14FF0FD60EFF0F7DA6FE0F44870020E0
:107D3800508700200000003A70300020D8860020CC
:107D4800348700203087002000007A4400007A3D04
:107D58006C9F0020889F0020A49F0020FCB5002075
:107D680004B60020F8B5002000B60020DC8600200C
:107D7800F88600201487002038870020DC9F002028
:107D8800689F002040870020BDF90B30002207EED5
:107D9800903AF8EEE77ABDF90D3087EE887A07EE6B
:107DA800903AF8EEE77ABDF90F3084ED067A87EE5F
:107DB800887A07EE903AF8EEE77A84ED077A87EE4C
:107DC800887A022384ED087A0749084882E7DDF8B3
:107DD8000B2007496262DDF80F200648A262DDF831
:107DE8001320E262002275E7E89F0020C89F002068
:107DF800F49F00203C87002008B5054B014600226F
:107E08001868FEF741FD431E5842584108BD00BF9F
:107E1800689F002008B5054B014600221868FEF748
:107E280033FD431E5842584108BD00BF3887002023
:107E380008B5054B014600221868FEF725FD431ECC
:107E48005842584108BD00BFC89F002008B5054BDF
:107E5800014600221868FEF717FD431E5842584194
:107E680008BD00BF3C87002010B504460C3000F068
:107E780031FE204600F034FE04F1180000F036FE12
:107E880004F12400BDE8104000F036BE014B18781C
:107E9800704700BF50870020024B4FF0FF31186831
:107EA800FEF78ABD4087002070B52DED028B534E3A
:107EB80082B03478002C40F09D800125504B514908
:107EC80003F114021A615C734F4B50481D70504BFC
:107ED800DFED508A1D7007F029FE4F494B4807F027
:107EE80025FE07F07BFF9FED4D8A20EE280A80EEE5
:107EF800080AF8F795FE4A4B83ED000A07F06EFF73
:107F080020EE280A80EE080AF8F7D2FE454B83EDEA
:107F1800000A07F073FF20EE280A80EE080AF8F737
:107F28007FFE414B83ED000A07F068FF20EE280A28
:107F380080EE080AF8F7BCFE3C4BDFED3D0A83ED06
:107F4800000A3C489FED3C0A07F0A2FBF3EE0E0A3C
:107F58009FED390A394807F09BFBDFED350A9FEDA5
:107F6800360A374807F094FBF3EE0E0A9FED320A03
:107F7800344807F08DFBDFED2E0A9FED2F0A3248BB
:107F880007F086FBF3EE0E0A9FED2B0A2F4807F049
:107F98007FFB032221462846FEF7A2FA2C4B2246F5
:107FA80018600C212846FEF79BFA2A4B22461860D7
:107FB8000C212846FEF794FA274B224618600C211C
:107FC8002846FEF78DFA254B224618600C212846D4
:107FD800FEF786FA224B4FF4967218600423214963
:107FE8000093214823460194FDF728FA1F4800F022
:107FF8000FFF357002B0BDEC028B70BDC29F002030
:1080080054870020E80EFF0FC49F00207DA6FE0FB6
:10801800C19F0020DB0F4940050FFF0F00003443CC
:10802800F8B5002000B60020FCB5002004B60020FA
:108038000000A0426C9F002000007A44DC860020EB
:10804800889F0020F8860020A49F00201487002025
:108058004087002038870020689F0020C89F0020A4
:108068003C870020220FFF0FD979FE0F2A0FFF0F40
:1080780010B5094B1C782CB90849094807F056FD7A
:10808800204610BD0123074A07491370074A137099
:10809800074A1370F1E700BFC29F0020470FFF0F88
:1080A8007DA6FE0FC59F00206E0FFF0FC39F002007
:1080B800C09F00200120704708B5B0B9DFED130A52
:1080C8009FED130A134807F0E3FADFED100A9FED5E
:1080D800100A114807F0DCFADFED0C0ABDE8084089
:1080E8009FED0B0A0D4807F0D3BAF3EE0E0A9FED89
:1080F800080A084807F0CCFAF3EE0E0A9FED040AC6
:10810800054807F0C5FAF3EE0E0AE7E70000FA4360
:1081180000007A44DC860020F886002014870020BE
:1081280010B501F0E5FB124800F072FE114800F0AE
:108138006FFE00F08FF8104B041E1049224618BF3E
:1081480019460F4800F064FE04B1FEE70D4800F040
:108158005FFE02F02BF90C4800F05AFE0B4800F0C5
:1081680057FEFDF7B9FA0A4800F052FEFEE700BFD5
:10817800DF0FFF0F0010FF0FD80FFF0FCD0FFF0FFE
:108188002D10FF0F6010FF0F7810FF0F9B10FF0FCF
:10819800C210FF0F10B502780B46302A0AD1427878
:1081A8003B2A07D10222815C31B13B2904D001323C
:1081B800082AF8D1012010BD941E811C22461846B9
:1081C800FCF780FC034600201855F4E72DE9F04F32
:1081D8008FB0044605A80F4600F072F803A905A859
:1081E800FFF7D8FF03AA034605A9154800F010FEBB
:1081F8000025DFF85480DFF85490DFF854A0BD4222
:1082080001DB012615E0204603A9FCF7F1FD061E57
:108218000CBF43464B462A46CDE9006350462346E9
:1082280003A9A34600F0F4FD163436B9054BC3F88C
:1082380000B030460FB0BDE8F08F0135DFE700BF72
:108248000111FF0F24A00020FB10FF0FF810FF0FF3
:108258005F11FF0F002313B501A8019300F01EF86A
:108268000199FFF7B3FF044638B900F01DF8044838
:1082780000F0CEFD204602B010BD0124FAE700BF91
:10828800C511FF0F014B18680630704724A0002065
:10829800014B1B68187D704724A000200123036050
:1082A800004870477430002008B500F027F800F047
:1082B80025F9BDE80840014800F0AABDF511FF0FF7
:1082C80010B504460A4B0B4A197859B92033934222
:1082D800FAD1094920222046FCF7F4FE002384F84D
:1082E800203010BD044AFF2914BF19461146F1E792
:1082F80000005147000251471112FF0F084AD36886
:1083080023F4E0631B041B0C43F0BF6343F4003306
:10831800D360E02382F82230C02382F823307047EC
:1083280000ED00E070471EF0040F0CBFEFF308806B
:10833800EFF3098000F002B8704700002DE9F34719
:108348000168D0E901A9D0E90387D0E90565C469C6
:108358002548019100F05CFD0199244800F058FD82
:108368005146234800F054FD4946224800F050FD8C
:108378004146214800F04CFD3946204800F048FDB0
:1083880031461F4800F044FD29461E4800F040FDD4
:1083980021461D4800F03CFD1C4B1D48196800F0A3
:1083A80037FD1C4B1C48196800F032FD1B4B1C485C
:1083B800196800F02DFD1B4B1B48196800F028FDBB
:1083C8001A4B1B48196800F023FD01F0B2F801218F
:1083D800022001F0ADF80121042001F0A9F8842160
:1083E800144807F0C1F9FEE71912FF0F3012FF0F0A
:1083F8003A12FF0F4412FF0F4E12FF0F5812FF0FD1
:108408006312FF0F6D12FF0F7712FF0F38ED00E0B8
:108418008212FF0F28ED00E08E12FF0F2CED00E016
:108428009A12FF0F30ED00E0A612FF0F3CED00E0BE
:10843800B212FF0FBE12FF0F08B501F07AF8012142
:10844800022001F075F80121042001F071F8922151
:10845800014807F089F9FEE7BE12FF0F08B501F0E1
:1084680068F80121022001F063F80121042001F0DD
:108478005FF8A021014807F077F9FEE7BE12FF0F69
:1084880008B501F056F80121022001F051F8012148
:10849800042001F04DF8AE21014807F065F9FEE728
:1084A800BE12FF0F7047000008B50E4800F0B0FC80
:1084B8000D4B0E48196800F0ABFC0D4B0D481968C0
:1084C80000F0A6FC01F035F80121022001F030F897
:1084D8000121042001F02CF8C821074807F044F9CD
:1084E800FEE700BFDB12FF0FE4ED00E0F412FF0F20
:1084F800E8ED00E00013FF0FBE12FF0F10B51B4997
:108508000B7893BB48F6B000194B1A5842F0040296
:108518001A50042048F69C029850BFF34F8FBFF3BF
:108528006F8F48F6F0041A5902431A5148F6DC02D4
:108538009850BFF34F8FBFF36F8FA0220D4B83F876
:108548000A2383F80B234FF4806018604FF400600F
:10855800186083F8392383F83A234FF000725A6081
:108568004FF080625A6001230B7010BD28A00020D4
:108578000000454400E100E04FF4805310B50A4C78
:108588001A4600212046FCF713FBA0222046074983
:10859800FCF798FA2246BDE810404FF4805303498F
:1085A800034800F035BC00BF00E001207804FE0F4E
:1085B8000C13FF0F7320704708B5FDF7EBF81E4B3F
:1085C8005A69824236D293ED007A9A699FED1B6A06
:1085D800821A07EE902AF8EE476AF8EE677A66EE96
:1085E800866A86EEA77ABCEEC77A17EE102A93ED54
:1085F800017AF8EE476A66EE866A86EEA77ABCEEDE
:10860800C77A9A8117EE102A93ED027AB8EE477A64
:1086180027EE067AC7EE276AFCEEE66ADA8116EEDE
:10862800902A1A820022C3E90022986100F5FA70A4
:108638009A60586108BD00BFB0A0002000007A44CD
:1086480000B51C4E1C4D89B033681C4A93422CD08F
:1086580068469B6898470028F6D19DF80130184C69
:108668001B0955F8230078B1FEF738FB10B1636891
:10867800013363609DF80100022300090022694666
:1086880055F82000FDF772FF9DF801300D4A1B09CF
:1086980052F8231019B1684652F8233098472368D6
:1086A80001332360FFF788FFCEE70A20FDF72AFA97
:1086B800CAE700BF8C30002070A000209030002056
:1086C800B0A000202CA00020124C00B52646124D68
:1086D80089B02368AB4218D0104B4FF0FF3269467F
:1086E8001868FEF7D1F80128F3D1336868465B684B
:1086F800984730B10A4A936801339360FFF75CFFEB
:10870800E7E70A20FDF7FEF9EFE70A20FDF7FAF997
:10871800DFE700BF8C30002090300020CCA0002084
:10872800B0A0002073B5114D2C78ECB92246202159
:108738006420FDF7D5FE02260D4B962218600D49E0
:1087480023460D4801940096FCF778FE23464FF423
:1087580096720A49CDE900640948FCF76FFE09489A
:1087680000F056FB01232B7002B070BD6CA00020F6
:10877800CCA000204713FF0FD186FE0F4F13FF0F29
:108788004986FE0F5713FF0F38B5094C054654F8B4
:10879800202022B171220749074806F0B1FF0022C4
:1087A80020210120FDF79CFE44F8250038BD00BFBC
:1087B80070A000207013FF0F8713FF0F70B50D4CCA
:1087C800054654F820200E4622B981220A490B4852
:1087D80006F096FF26B982220749094806F090FF5D
:1087E800314654F825004FF0FF32BDE87040FEF7DF
:1087F8004BB800BF70A000207013FF0F9E13FF0F2F
:108808003327FF0F08B5034B1868FEF767FAC0F166
:10881800640008BDCCA000201028DCBF014B43F841
:10882800201070472CA0002010B5044620B9DE2285
:108838000A490B4806F064FF23781E2B04D9DF226F
:108848000649084806F05CFF002307482146BDE8B2
:1088580010401A460068FDF789BE00BF7013FF0F6D
:108868003327FF0FAD13FF0FCCA0002008B5064B30
:1088780000211868FDF7EAFD044B1B681B6903B16A
:108888009847002008BD00BFCCA000208C300020F5
:10889800034B1B68DB6803B118470120704700BF12
:1088A8008C30002070B5084D04462A6812B10020AB
:1088B80013689847054B0120002C08BF1C46236805
:1088C8002C60BDE8704018478C30002090300020A4
:1088D80038B54FF0FF330B4D0021044645F82030E2
:1088E80000F026FE2822084B02FB0432002352F82F
:1088F800041B013102D045F8243038BD01330A2B5E
:10890800F5D1FAE7D0A00020ECA000202DE9F04F27
:1089180085B00646FEF734FC2D4B93F80080B8F17D
:10892800000F49D0DFF8B4902A4FC5B259F8252076
:10893800511C41D04FF00A0A0AFB052ADFF8A0B003
:1089480025495BF82A3051F82220591C02EBC30450
:108958004BF82A1038684FF0FF3103920293FEF764
:108968002BF861688A1C1CD04B1C28D0DDE9023228
:10897800284612F8331000F0DBFD626800242AB3A1
:108988002346042100943046FEF7C6FBFCF702FF9D
:1089980023460246009401213046FEF7BDFB4446BB
:1089A80002E000244BF82A40002338681A4619468A
:1089B800FDF7DCFD002CB9D005B0BDE8F08F2846E6
:1089C8004BF82A100024FFF783FFEDE71446EBE786
:1089D800E4A00020E8A000200415FF0FD0A000208C
:1089E800ECA00020F8B504460025154B53F8042BDD
:1089F800914203D001350A2DF8D1F8BD114E4FF040
:108A0800FF313068FDF7D8FF0A22002702FB045225
:108A18000D4B204643F82270FFF75AFF3B463A4673
:108A280039463068FDF7A2FD084B53F82430AB42B5
:108A3800E3D1074B53F82400BDE8F840FFF766BFC1
:108A48000415FF0FE8A00020ECA00020D0A0002013
:108A5800B4A1002008B5FEF76FFF0649064807F0E5
:108A680065F80121022000F063FD0121042000F0D7
:108A78005FFDFEE72C15FF0F7DA6FE0F7047000077
:108A880038B5084D2C784CB9FFF702FC064B30B9C5
:108A9800064A1A60FFF708FA01232B7038BD1C60DC
:108AA8006368FFDECCA10020C8A100204015FF0F9D
:108AB800014B1B68DB681847C8A10020014B1B68E5
:108AC8005B691847C8A10020014B1B689B691847C0
:108AD800C8A10020014B1B68DB691847C8A100200A
:108AE800014B1B681B6A1847C8A10020014B1B6873
:108AF8005B6A1847C8A10020014B1B689B6A18478E
:108B0800C8A10020014B1B68DB6A1847C8A10020D8
:108B180010B5054C23782BB90449054807F006F829
:108B28000123237010BD00BFCDA100207415FF0FD5
:108B38007DA6FE0F70474FF480607047004870476D
:108B48003339584D002070470020704707B5019011
:108B58000648037C3BB10122836801A9984701209C
:108B680003B05DF804FB4FF0FF30F9E7D0A1002017
:108B7800F0B5002404700C6824B930234370012335
:108B88001846F0BD002B14BF37275727451C26462B
:108B9800B4FBF2F402FB14630135092B94BF03F113
:108BA8003001F9182B46B24203F8011DA3EB00036C
:108BB800EDD9E5E730B5012A87B019D100240D4D6C
:108BC800CDE901310C4B8DF8120001A92846039319
:108BD8002A74ADF810408DF813408DF8144000F059
:108BE80025F92046054BAB60054BEB6007B030BD5F
:108BF8000120FBE7D0A1002000000101818FFE0FBA
:108C0800258FFE0F2DE9F04F7F4B81461B7C0C46CC
:108C18008FB0002B00F0F2800025AA462E462F4682
:108C2800049599F80000002800F0EA80252836D03D
:108C3800FFF78CFF09F101090135F2E70A21914696
:108C480001FB0B3BABF1300B99F8013009F1010244
:108C5800A3F130010929F1D92E2B05D1914612F83B
:108C6800013F303B092BF9D999F80180B8F1640F1D
:108C780018D0B8F1690F15D008F0DF03462B1DD0C6
:108C8800582B1BD0A8F16203DBB2132B00F2B4807F
:108C98005E4A22FA03F3DB077AD5012323E04FF07B
:108CA800000BD1E754F8043B0A22039303A90123DC
:108CB80005A8FFF75DFF064605AB1F18B8F1580F6A
:108CC80049D0B8F1780FE8D1002354F8042B05A84F
:108CD800049210220DEB02010093FFF749FF0646AC
:108CE80005AB1F18009BB8F16F0F08D0B8F1620FE1
:108CF80005D0B8F1700F30D0B8F1750F13D154F812
:108D0800042BB8F16F0F049236D02CD8B8F1620F4B
:108D180008BF4FF0020A524604A905A8FFF728FF2A
:108D2800064605AB1F18B046C34528DCABEB060367
:108D3800B345B8BF00231D4457B1B84607EB050B30
:108D480098F800004746ABEB080508F1FF38E0B992
:108D580009F1020965E70123B7E754F8042B0492E7
:108D68004FF0100AD7E7B8F1700FF9D0B8F1750FC6
:108D780008BF4FF00A0ACEE74FF0080ACBE72020D9
:108D8800FFF7E4FE08F10108CEE7FFF7DFFED7E7BB
:108D9800B8F1630F05D154F8040BFFF7D7FE01357E
:108DA800D6E7B8F1730F27D154F8048BB8F1000F48
:108DB800CED04046FCF758F90646024603469B4586
:108DC80011DCABEB02035A45C8BF00231D44C34660
:108DD800A5EB080808EB0B051BF8010B0028B7D01A
:108DE800FFF7B4FEF6E72020CDE90023FFF7AEFE3B
:108DF800019B009A0133E2E74046CEE74FF0FF358A
:108E080028460FB0BDE8F08FD0A10020016008000F
:108E18000FB407B504A951F8040B0191FFF7F2FE4E
:108E280003B05DF804EB04B07047000070B50C4661
:108E3800054686B030B940F2B921314B314A324843
:108E480000F046FB21B940F2BA21304B2D4AF6E733
:108E58008B7B082B04D940F2BB212D4B294AEEE726
:108E68002C4E56F8233023B94FF42F712A4B254A3C
:108E7800E5E701A800F0CAF963680193237A8DF841
:108E88000830637A8DF80B30A37A003B18BF0123B2
:108E98008DF81530E37A003B18BF01238DF81430A4
:108EA800E37B2BB1102B28BF1023013B8DF80C302E
:108EB800237C2BB1102B28BF1023013B8DF80D30DC
:108EC800237B2268003B18BF01238DF80E30637B9B
:108ED80001A9003B18BF01238DF80F3040F20113A0
:108EE800ADF81230A37B56F8230000F089F818B9C2
:108EF800A37B2B7006B070BD42F6AF70FAE700BFD7
:108F0800AC15FF0F9416FF0FBB15FF0FE615FF0FEB
:108F1800FA15FF0FD016FF0F4816FF0F10B530B91E
:108F280040F209310E4B0F4A0F4800F0D1FA21B92F
:108F380040F20A310D4B0B4AF6E722B940F20B31E9
:108F48000B4B084AF0E70B4B007853F8200000F071
:108F5800BFF9002842F6AF7008BF002010BD00BF5F
:108F6800AC15FF0FA116FF0FBB15FF0F7B16FF0FE8
:108F78008816FF0FD016FF0F10B530B94FF44671A1
:108F88000C4B0D4A0D4800F0A3FA21B940F21931F3
:108F98000B4B094AF6E722B940F21A31094B064A47
:108FA800F0E7094B007853F8200000F073F900202F
:108FB80010BD00BFAC15FF0FB916FF0FBB15FF0F93
:108FC8007B16FF0F8816FF0FD016FF0F08B5034654
:108FD8000020074A52F8041B994208D0013009289A
:108FE800F8D1CA21034B044A044800F071FA08BDBD
:108FF8005418FF0F1717FF0FF317FF0FF416FF0F83
:109008002DE9F84F04460D4631B940F25B11764B15
:10901800764A774800F05CFA0B6823B94FF4AE71D2
:10902800744B724AF5E7097A0F2904D94FF4AF71E6
:10903800714B6E4AEDE7697A0F2904D940F25F1146
:109048006E4B6A4AE5E700269E464FF0040C374609
:1090580041F6FF7A4FEA42094FEA8308B9FBF8F173
:109068000131C1F34F01514528BF5146012938BF8D
:1090780001210CFB01F0B2FBF0F0834234BFC01AAF
:10908800181A70455FFA8CFB0CF1010C9EBF8646DE
:109098005E460F46BCF1210F9844DFD16422B3FB32
:1090A800F2F303EB43037345C0F09B802046FFF7C0
:1090B8008DFF48F23001524B1B5C9B0103F1884342
:1090C80003F58A035A5842F004025A5048F21C0227
:1090D80004219950BFF34F8FBFF36F8FA368321FDE
:1090E80043F00203A360A368032A23F00203A360EA
:1090F800236906F1FF3698BF43F40033360623F0A0
:109108001F2306F0F85623F0FF0333433B43236144
:10911800236923F000532361A269EB7B297922F4A8
:10912800E2621B0222F0070203F4E0630A431A43D7
:10913800AB7B9B0003F0040313436A79012A4BD1EC
:10914800002946D023F40063A361EB7922695B030D
:1091580022F4005203F40053134323616A7A2B7AF2
:1091680043EA0243E362A36A43F08803A362A36A63
:1091780043F44043A3626B7B2A7B1B015201616A63
:1091880003F0100302F0200213430B436362AB7A2F
:109198001BB1636A43F008036362EB7A1BB1636A2D
:1091A80043F001036362A979164B174A002918BFD7
:1091B8001A466369134363612A7CA3690AB143F4BD
:1091C80000236A7C0AB143F480230020A361BDE830
:1091D800F88F43F40063B7E70029B5D043F01003D4
:1091E800B2E740F22150F2E73C17FF0F0618FF0FD5
:1091F800F416FF0F4B17FF0F6517FF0FAC17FF0F84
:109208007818FF0F00C01FE000C01FC008B530B9B4
:1092180040F27F21074B084A084800F059F900231B
:109228004FF4E132C0E90233C0E9002343820382EC
:1092380008BD00BF3C17FF0F1218FF0FF416FF0FF1
:109248004269836A03481B0C03F0C30313431840A5
:10925800704700BFC3C0FFC110B50D4C8B0704EAAF
:10926800010407D0826A230422F4703203F44033E5
:1092780013438362436903F0785323434361FFF741
:10928800DFFF204240F21A5008BF002010BD00BF87
:1092980003C01FC008B539B10A4491420BD14369D4
:1092A8005B02FCD5002008BD40F22F41054B064A61
:1092B800064800F00DF943691B02FCD511F8013B83
:1092C800C361EAE77B16FF0F2A18FF0FF416FF0F9A
:1092D8002DE9F047054631B940F2AC41334B344AE9
:1092E800344800F0F5F8876938050ED407F01207FE
:1092F800BB1E5F425F410E4640F21A5901EB02085D
:10930800464541D10020BDE8F0870127F3E728460C
:10931800FFF796FF10F4002F824609D04FF4002182
:109328002846FFF799FF00283CD040F21A50EAE798
:1093380010F4803324D04FF480312846FFF78CFF97
:1093480000280CBF4FF4A46048461AF4003F0AD026
:109358004FF400312846FFF77FFF40F21F540028E2
:109368000CBF204648461AF4802F0BD04FF48021BA
:109378002846FFF771FF0028D7D140F21E50C2E7F8
:109388001846E2E70028BED1EB6A13F0F85FBED0BA
:1093980017B9EB69DBB202E0EB6903F07F0306F86B
:1093A800013BADE740F21D50ADE700BF7B16FF0F54
:1093B8003F18FF0FF416FF0F024B034A5B68516812
:1093C800024818472CB6002008B600200000384490
:1093D800024B034A9B689168024818472CB6002044
:1093E80008B6002000003944024B034ADB68D16804
:1093F800024818472CB6002008B600200000574243
:10940800024B034A1B691169024818472CB6002011
:1094180008B6002000005842024B034A5B695169B4
:10942800024818472CB6002008B600200000594210
:10943800024B034A9B699169024818472CB60020E1
:1094480008B6002000005A42024B034ADB69D16982
:10945800024818472CB6002008B6002000006942D0
:10946800024B034A1B6A116A024818472CB60020AF
:1094780008B6002000006A4208B5C30103F188431A
:1094880003F58A031A680C49C2F3012201EB800034
:109498001B68825CDBB2102A03F1010305D9932112
:1094A800064B074A074800F013F8074951F822000D
:1094B800B0FBF3F008BD00BFC718FF0F8118FF0FFE
:1094C800B718FF0F9518FF0FD43000200020704701
:1094D8001C4605460E4607B50B4600922146024635
:1094E8000448FFF795FC324629462046FFF7EEFF71
:1094F80000BEFDE7431AFF0F08B50A4B024619687C
:1095080009B9094919601868084902448A4206D904
:10951800FBF770FA0C2303604FF0FF3008BD1A60A8
:10952800FCE700BFE4A1002098C8002098CC0020E8
:1095380070477047704700009FED010A704700BFF1
:109548003333834008B5FCF725F94FF47A73A0FB51
:10955800030108BD08B5084B984208D0074B98424C
:1095680007D03821064B074A0748FFF7B1FF00200C
:1095780008BD0120FCE700BF000022440000434270
:10958800811AFF0FED1AFF0FB71AFF0F08B5FFF783
:10959800E1FF48F230010A4B1B5C9B0103F1884351
:1095A80003F58A035A5842F004025A5048F21C0242
:1095B80004219950BFF34F8FBFF36F8F08BD00BFD1
:1095C800071BFF0F032910B505D96C21074B084A63
:1095D8000848FFF77DFF01238B40D0F824411C4247
:1095E800FBD0803140F8212010BD00BFD61AFF0FF4
:1095F800FC1AFF0FB71AFF0FD0F82421D0F82C312E
:109608001B0643EA0253D0F81821C06843EA0273E4
:1096180043EA0020704770470020704770470120D8
:1096280070470020704701207047012070470120D3
:10963800704708B50021FBF7BBFA012008BD0020E0
:10964800704700002DE9F041002201213348A0B005
:1096580000F0E2FB324C206028B93248FFF7D8FB13
:1096680020B0BDE8F0813048FFF7D2FB2F48FFF764
:10967800CFFB4FF0FF31206800F030FB2C48FFF79C
:10968800C7FB206800F06EFC2A4E034630600028B5
:10969800E6D01E21284A206800F0D8FA274B014658
:1096A80018600028DCD00023254A206800F0A8FCB8
:1096B800002220210520FCF713FF224F4FF0FF382E
:1096C80038602148FFF7EEF82048FFF7A1FB07AB09
:1096D80001934023316800932068CDF808806B44DB
:1096E80006AA00F053FC05460028F0D1079A10A9F5
:1096F800531E0DF121008DF820300592FBF7E2F999
:10970800059A10A90DF12100FBF7DCF92B462A4632
:10971800386808A9FCF72AFFD9E700BF000001A4B0
:1097280020A20020091BFF0F3A1BFF0F6A1BFF0F27
:10973800971BFF0F24A200200998FE0F1CA20020EF
:10974800B91BFF0F14A2002018310020D31BFF0FF4
:1097580008B5084B014664221868FDF795F80128FA
:1097680004D10549FFF73EF9002008BD4FF0FF304E
:10977800FBE700BF14A200206414FF0F37B503787D
:1097880004461D2B04D9B2221349144805F0B8FF2A
:1097980013486378037022781E2A03D8A11C01306D
:1097A800FBF790F94FF0FF35019523780D49013308
:1097B8000D4800931E220A4B0968006800F096FACB
:1097C800044630B902200949FFF70CF9204603B0D6
:1097D80030BD2C46FAE700BFF81BFF0F101CFF0F27
:1097E80028A200201CA2002020A200206414FF0F41
:1097F800032802D10148FFF755B8704718310020F7
:1098080000B501290A4689B006D10078FFF7F0FFB4
:10981800002009B05DF804FB0029F9D04B1E014671
:109828000DF101008DF80030FBF74CF900230348D7
:109838001A4669460068FCF799FEE9E714A2002079
:1098480037B5114D2C78ECB9224620210520FCF7BC
:1098580047FE0E4B18600E48FFF7DAFA032301940F
:109868000093962223460B490B48FBF7E7FD012896
:10987800044603D00948FFF7CBFAFEE70848FFF78C
:10988800C7FA2C7003B030BD18A2002014A2002023
:109898002D1CFF0F4D1CFF0F4D96FE0F571CFF0F81
:1098A8007F1CFF0F0022114B10B5C3F8002DBFF32A
:1098B8004F8FBFF36F8F48F670515A5842F0040229
:1098C8005A5048F65C5204219950BFF34F8FBFF3AA
:1098D8006F8F1A20FFF7D0FDBDE810400346012224
:1098E8004FF416510220FFF765B900BF0000454448
:1098F80008B500F019F800F063F8FFF7D3FFBDE8EA
:109908000840FEF739BE00000023054A1360536083
:109918004FF48062034B1A601E225A60704700BFE2
:1099280088013C5438033C54FFF7EEBF184B194AE2
:109938001A60194A5A61194A9A61194ADA61194A28
:109948001A62194A5A62194A9A62194ADA62194A13
:109958005A631A630422184B5A6003229A60174A02
:109968001A664FF400429A634FF4A8721A6464228C
:109978001A6501225A60D3F8F020D207FBD50222DB
:109988005A6004229A60BFF34F8FBFF36F8F7047FE
:10999800D430002000366E0100286BEE00CA9A3BD6
:1099A8000065CD1D0008AF2F0084D71740BE4025A5
:1099B800205FA01200007017001248440A20A3007C
:1099C800FFF7B4BF2DE9F7431E4600230193DDF8E6
:1099D8000490074688461546B9F1000F37D168202C
:1099E80000F0BCFB0446002835D06822494600F048
:1099F800BBFB20224146204600F0BAFBA4F8507079
:109A080068680A9B60622A896363A4F85220266307
:109A180069682E894B1E03EB0613371D03EB4703BA
:109A28004942194001EBC6010E31A1622B68C4E915
:109A38001023E36203EB02130232A36403EB420335
:109A4800421E134440420340E3640B9B1C60019890
:109A580003B0BDE8F0830148FAE700BF44F4FFFF14
:109A6800436C03EB01118868704730B1C36A13B1C6
:109A78000023C0E90A3300F073BB704770B50D4688
:109A8800816C1646B0F85C304A8804469A4219D070
:109A98005A1CA0F85C20B0F85220013A134001EBA0
:109AA80043039B882B8000F068FB2B88626C1B01AA
:109AB800D05800F068FB2A88636C03EB02139B689C
:109AC800336070BD0020FCE738B5B0F8523004466A
:109AD8008B420FD3C06C013B45882B4000EBC3037E
:109AE800C3E9011200F04CFB0020E26C53880133FB
:109AF800538038BD0048FCE741F4FFFF10B5044629
:109B080000F038FB236AE26C13F0020F10D0A36C4C
:109B1800216C5B8802EBC1025268013B9B1AB4F8C6
:109B280056209BB29A4206D80023A4F8563010BD9E
:109B38001388DB07F8D4636B002BF5D020469847D1
:109B4800F2E710B1036B03B11847704761B10368BE
:109B580033B18B600023CB600368D9600160704724
:109B680001608B600268D3607047B0F8500000F065
:109B7800ADBB000010B5446E04B9FEE70123606A6E
:109B8800236100F087FA616A0248BDE81040FFF7D8
:109B98003FB900BF981CFF0F08B51946FFF794FF9F
:109BA80000B1FEE708BD37B504461D460846114614
:109BB800019200F025FB29462046019AFFF784FF11
:109BC80000B1FEE703B030BD38B50D4611462A4650
:109BD800FFF754FF044610B1296800F012FB204635
:109BE80038BDFFF7F1BF00B9704703681B688B42A7
:109BF800FAD08068F7E773B5456E95B9FEE76168F6
:109C0800A868FFF7F0FFC0B103682268A18904F1D2
:109C18001000D3E90163B04701280ED1BDF8023026
:109C280063812B6A28689B680DF1020201A9984795
:109C380004460028E3D102B070BD2B6A2146DE68D5
:109C4800019ABDF802302868B047EAE72DE9F843E1
:109C58000E4691469846054600283DD0C06800F05B
:109C6800A4FA721C10D10126AA6831461046FFF7E3
:109C7800BAFF78B10136731CF7D1E86800F0A2FA90
:109C880000242046BDE8F8833146A868FFF7ABFFFB
:109C98000028F2D1102000F061FA044618B9E868EB
:109CA80000F090FAEDE7102000F058FA074618B9CE
:109CB800204600F055FAE0E720461022002100F087
:109CC80053FAC4E90069C4F8088039463C6005F1D4
:109CD8000800FFF73BFFE2E70446D2E70A4618B15F
:109CE800416A103000F0ACB9704700002DE9F74F19
:109CF8000446DDE90C8916461F4600295FD0B8F5F1
:109D0800F87F5ED8D1F800B0002858D0002B56D084
:109D18000369012B51D1C06800F047FA236A6068D3
:109D28005B680DF1020201A998470546E06800F05A
:109D380049FAF5B9B9F1000F03D1234803B0BDE8DA
:109D4800F08FAA46012000F04BFAE06800F02DFAE7
:109D5800236A0DF102025B6801A9606898470AF15D
:109D6800010A0546E06800F02DFAD14522D8002DF9
:109D7800E3D06E6000263946424605F11000C5F86A
:109D880000B0A5F80C80AE73EE7300F0EFF9E06850
:109D980000F00BFA236A2946019A1F686068BDF82B
:109DA8000230B8476068FFF7A9FEE06800F00AFAD9
:109DB8003046C3E7002DC5D0DBE70448BEE70448BA
:109DC800BCE70448BAE700BF77ECFFFF71ECFFFF80
:109DD80075ECFFFF76ECFFFFF8B50D460446B8B109
:109DE800B1B1C06800F0E1F92668236A35F8061CAD
:109DF8003046DF68FFF734FE35F8063C0246A5F129
:109E080010013046B847E06800F0DCF90020F8BDE2
:109E18000048FCE775ECFFFF2DE9F043002789B007
:109E2800012903AE80460D460397776004D90024C4
:109E3800204609B0BDE8F0830028F8D0282000F0BB
:109E48008DF904460028F2D02822394600F08CF912
:109E580000F040F918B1204600F082F9E7E73B4BE3
:109E680018F00307236208F580331CBF23F00303AF
:109E78000433636128F003030433002F0CBF474603
:109E88001F464FF480594FF4807865626D00019643
:109E98002F4EADB228462F4B2F49009605AA05979D
:109EA800CDF81890ADF81C80FFF78CFD90B9039B96
:109EB80007F500475C6604ABCDE900632749284BEA
:109EC80005AA45F00100CDE90579ADF81C80FFF73A
:109ED80079FD48B1039808B1FFF7C7FD0498002839
:109EE800B9D0FFF7C2FDB6E7049B01215C6604F117
:109EF8000C0000F04AF9054620B10398FFF7B5FDBC
:109F08000498EEE7039B636004992160B1F8500060
:109F180000F0B6F96168B1F8500000F0B1F92368B3
:109F2800B3F8500000F06AF96368B3F8500000F025
:109F380065F923682561B3F8500000F05DF963689E
:109F4800B3F8500000F058F972E700BFE41CFF0FA7
:109F5800739BFE0F7D9BFE0FDB1CFF0FD51CFF0FB5
:109F6800FF9BFE0F002307B5019318B9002003B02B
:109F78005DF804FB03680C22B3F8521001A84900ED
:109F880000F04AF90028F1D10198F0E72DE9FF41E6
:109F98001C4600230F4616460546CDE90133DDF879
:109FA8002C800393E8B1E1B1DCB138460C9A01A9E1
:109FB80000F040F9E0B10EB1019B3360039AB8F1AB
:109FC800000F01D0C8F800200A9B9A420ED82046FC
:109FD800029900F0CBF8002428460299FFF7FCFE0E
:109FE80000B1044C204604B0BDE8F081024CF3E710
:109FF800024CF7E775ECFFFF76ECFFFF72ECFFFF12
:10A0080070B50C4605461E4611468CB0A2B19CB1EF
:10A01800202202A800F0ACF823684FF0FF320A9320
:10A0280028232146CDE900322846352202AB0B967B
:10A03800FFF75CFE0CB070BD0048FBE775ECFFFF56
:10A048002DE9F7434FF001090646DFF8448009FA85
:10A0580001F52946D8F800001746FDF74BF9346892
:10A068004C450ED04B4600222946D8F800000097F0
:10A07800FDF7BEF82B1A5C425C41204603B0BDE8F0
:10A08800F08331680148FEF7C3FEF6E7F41CFF0FC2
:10A0980070A20020002313B50446019300F03CF998
:10A0A800012303FA04F1094B58B1186801AAFDF716
:10A0B8008BF9019B1BB14FF08052054B1A6002B01F
:10A0C80010BD1868FDF73AF9F9E700BF70A2002043
:10A0D80004ED00E038B5FBF755FB1C4B1868002869
:10A0E80000DAFEE701300128194D18601ED103225D
:10A0F8000021FCF7F5F92860FDF76CF8154B6FF0B7
:10A108007F411860FDF7F6F8802200211248FAF71F
:10A118004FFDFBF70DFC00F02FF9002304461A460B
:10A1280019462868FCF722FA204638BDFBF700FCE0
:10A138004FF0FF312868FCF73FFC002328681A46D7
:10A148001946FCF713FA0024EEE700BF68A20020C6
:10A158006CA2002070A2002074A20020FDF760B954
:10A1680008B1FDF7F3B97047FAF722BDFAF7AABCB0
:10A17800FAF7A8BFBFF34F8F7047BFF34F8F7047F1
:10A18800BFF34F8F704700F0F5B80A2910B50446A1
:10A1980008DC0A20FCF7D2F92060B0FA80F0400908
:10A1A800404210BD4FF0FF30FBE710B5044600F009
:10A1B800B3F830B92046BDE810404FF0FF31FCF746
:10A1C800FBBB10BD10B5044600F0A6F8034630B935
:10A1D800024601462046BDE81040FCF7C7B910BD4D
:10A1E800FBF790BC1F2800D9FEE7024B43F820106C
:10A1F800704700BF74A2002000F098B800F0ACB817
:10A20800704770471F2800D9FEE7024B53F820001B
:10A21800FFF797BC74A2002010B504460846114603
:10A228000022FCF75DF92060B0FA80F04009404256
:10A2380010BD000030B5002585B0CDE900210446E9
:10A24800039500F069F8DDE9002168B1204603AA0A
:10A25800FCF7ECFC01280ED1039B1BB14FF0805298
:10A26800064B1A6005B030BD2046FCF70DFB431EB7
:10A2780058425841F6E72846F4E700BF04ED00E0ED
:10A2880038B505460E4CFFF7ADFF2068FFF78DFF88
:10A29800EB0810D10B4B1A68002A00DAFEE708BF5A
:10A2A800094802F1010202BFD0F8281141F0020169
:10A2B800C0F828111A602068FFF784FF002038BD15
:10A2C800FCA20020F8A200200000224438B5054670
:10A2D800074C2068FFF769FFEB0804D10121054806
:10A2E8002A04FFF76FF92068BDE83840FFF76ABF16
:10A2F800FCA200200000224410B5064C2046FFF7BF
:10A308007BF9830104D5D4F88402000CFFF77AFFA7
:10A31800002010BD00002244034B5868C0F3080019
:10A32800003818BF0120704700ED00E072B6C3087E
:10A338000BD1074A1368002B00DCFEE7013B1360D2
:10A348001BB94FF40012034B1A6062B6704700BF86
:10A35800F4A2002000E100E072B6C30806D1044A66
:10A368001368002B00DAFEE70133136062B670470A
:10A37800F4A200207047000008B50948FFF706F965
:10A388006022084B83F815234FF400121A6001214C
:10A398000548FFF7FAFE003818BF0120404208BD03
:10A3A8000000224400E100E0FCA2002007B50023E1
:10A3B80002220749CDE9002306484FF49672FBF7BD
:10A3C8003DF8054803B05DF804EBFEF721BD00BF7A
:10A3D800061DFF0FEDA4FE0F0D1DFF0F13B5244C36
:10A3E8002378002B41D10120FCF774F9214B4FF061
:10A3F800FF311860FCF7E0FAFFF722FA01F052FC8F
:10A40800FEF790F900F0FAF81B491C4805F08EFB9E
:10A41800FDF738FF1A490246184805F087FB194B23
:10A4280019491A68194B1878194B002808BF0B46A8
:10A43800CDE90023174B184A1B68126817490F48C3
:10A4480005F074FBFEF777FB154902460B4805F04B
:10A458006DFB05F013FC01F09DFA012311482370F0
:10A4680002B0BDE81040FEF7D3BC02B010BD00BF7B
:10A4780001A3002050B60020331DFF0F7DA6FE0F5C
:10A48800561DFF0F843400202D1DFF0FD529FF0F07
:10A49800241DFF0F803400207C340020721DFF0F24
:10A4A8008C1DFF0FBD1DFF0F10B5054B1C7801F06B
:10A4B8007DFA04400348FEF7ABFC204610BD00BF00
:10A4C80001A30020DD1DFF0F08B5002304481A462C
:10A4D80019460068FCF74AF8BDE80840FEF718BBC3
:10A4E80050B6002010B5FFF779FF00F05FF801F0D3
:10A4F80005FC002002F02EFFFFF7D6FF124C88B1B2
:10A5080001232370FFF7E0FFFDF760F80F490246CB
:10A518000F4805F00BFB01F051FA4FF0FF30FBF745
:10A52800F1FAFAE72070FFF7BFFF0028ECD04FF4EC
:10A53800FA60FBF7E7FA2378002BF8D005490448BE
:10A5480005F0F4FADEE700BF02A30020111EFF0F9A
:10A558007DA6FE0FFD1DFF0F10B50A4C23786BB1C9
:10A56800094C4FF0FF312068FCF726FA00232068D9
:10A578001A46BDE810401946FBF7F8BF0220FBF762
:10A58800C1FAEBE701A3002050B6002008B5FBF79D
:10A5980001F9054A1368C31A502B02D91060FEF757
:10A5A800C9FA30BF08BD00BF04A3002010B50B4C8A
:10A5B80023788BB9FFF732F8FFF72DF8FFF72CF85F
:10A5C800FEF770F900F060F901F0BAFA01F030F91D
:10A5D80000F086F90123237010BD00BF08A30020F6
:10A5E80010B5054C2046FEF71FF90023012814BFBB
:10A5F8001846237010BD00BF54B6002038B50B4D67
:10A608002C788CB90A4B0322214601201C705C70FF
:10A61800FBF766FF074A106020B123462246214611
:10A62800FBF7A4FF01232B7038BD00BF09A300204E
:10A6380054B600200CA3002037B50C4D0446002169
:10A64800286801AAFCF7F2FA01280CD1084A286800
:10A6580013781D2B9EBFD1188C70013301A998BFA8
:10A668001370FCF7B5F8204603B030BD0CA30020EA
:10A6780054B6002070B5204B05461B78002B38D007
:10A688001E4B5B68C3F308031BB1BDE87040FFF7BE
:10A69800D3BF1B4E4FF0FF313068FCF78DF901280E
:10A6A80025D1184C23781D2B12D9FEF7ABF80128B9
:10A6B8000BD10522237814491448013B02F1FF32DB
:10A6C80003D3145C5C54002AF7D1FFF789FF08E034
:10A6D800E2180133DBB20A2D95702370E5D01E2BEA
:10A6E800E3D0002330681A461946FBF73FFFE8B26B
:10A6F80070BD1846FCE700BF09A3002000ED00E08C
:10A708000CA3002054B6002057B60020701EFF0F7F
:10A7180000230E4A80ED000AC0ED050A80ED061AF6
:10A72800C0ED071A80ED0D2A43608360C3600361A2
:10A73800C262036380F8541031B1F0EE430AB0EE00
:10A74800620A383004F0A4BF704700BF00409C453F
:10A7580010B504462DED028B29B1D0ED007A37EE05
:10A76800C00A80ED010A94ED017AD4ED026A94EDF5
:10A77800050ADFED2E7A27EE000A37EE667AD4ED69
:10A788000D6A94F8543084ED080A30EE278AF0EE0A
:10A79800678A87EE260A1BB104F1380004F082FFAD
:10A7A80084ED040AD4ED047AF4EE677AF1EE10FA37
:10A7B80068BFC4ED048A94ED070AD4ED047A94EDD9
:10A7C8000B1A20EE270A94ED017A84ED0A0A30EE7E
:10A7D800088AD4ED0D7A94ED030AB5EE401AA7EE77
:10A7E800270AF1EE10FA84ED030A05D0F1EE410ACA
:10A7F80005F014FA84ED030A94ED0C1A94ED060A98
:10A80800D4ED037AB5EE401A20EE270AF1EE10FADD
:10A8180084ED090A30EE080A03D0F1EE410A05F08A
:10A82800FDF9BDEC028B6368A36010BD0000000059
:10A8380080ED0B0A7047002343608360C3600361A7
:10A84800704780ED010A704780ED000A70470000EC
:10A8580010B54378044613F003030ED0012B00D043
:10A8680010BD03461E2203F8022B00211846FAF7F2
:10A878009FF90449FAF79AFB2046BDE81040FDF716
:10A88800D3BF00BF751EFF0F10B5054C23782BB939
:10A898000F200449FDF7C0FF0123237010BD00BF3E
:10A8A80010A3002059A8FE0F70B50B4B024619687B
:10A8B8000A4B0C251C6800231846814202DC4FF025
:10A8C800FF3070BD05FB00F6A657002E02DB934251
:10A8D800F7D001330130F0E740A3002034A3002073
:10A8E8002DE9F04F3D4B87B01C780393002C2DD1F8
:10A8F800A046A1463A4A3B4D3B4B2A609B1A3B4A2D
:10A908009B1053433A493B4EDFF808A1DFF808B1E2
:10A918000B6034600491049B29681868404518DC72
:10A9280000250C26344A1388A8424CDC04B1138055
:10A93800002301249622CDE9004330493048FAF734
:10A948007DFD3048FEF764FA039B1C7007B0BDE834
:10A95800F08F0C2707FB08F73368CA19CAF80230CA
:10A96800CB5D19068AF806301DD5DB0703D550687C
:10A97800FAF77AFB81462B681F44796809B30846C1
:10A988000591FAF771FB059902461F48FAF79AF8FC
:10A998007868FAF769FB411D1C4805F0D5F808F1FD
:10A9A80001083060B7E75068FAF75EFB09F1020367
:10A9B80018441A28DFD97B225846154904F0A0FE0E
:10A9C800D9E70521E8E706FB05F7CF570135002F42
:10A9D800A2BF013301249BB2A6E700BF11A3002048
:10A9E800402AFF0F34A300200031FF0FABAAAAAA08
:10A9F80040A300203CA3002038A30020A01EFF0F86
:10AA080059ACFE0FA61EFF0F19A3002014A30020A7
:10AA1800881EFF0F12A30020961BFF0F2DE9F34796
:10AA2800032860D8DFE800F00219624B7A4BDFF8A0
:10AA38001C82D3F800C00C2100234546774C784E81
:10AA4800E278D6F80090844520DC20236370002348
:10AA5800A37001237148237013E07249724805F00E
:10AA680065F820236D484370062303700123837023
:10AA78006E4B1B88FF2B28BFFF23C3706C4B1B68D2
:10AA8800436002B0BDE8F047FDF7CEBE99F900A0DB
:10AA980001FB00F7BAF1000F99F800E008DA1EF0A0
:10AAA800010F0AD0D9F80480013009F10C09CAE76E
:10AAB8009A4248D001339BB2F6E7A846F4E7202330
:10AAC800564843700723037003238370574B1B8832
:10AAD800A0F80330564B1B68C0F80530FDF7A4FEFC
:10AAE8000122544B1A7002B0BDE8F0874A4BDFF8D8
:10AAF8005C811D6800230C2218464146474C484E8D
:10AB0800B4F803C0D6F80090854203DC20236370B4
:10AB180002239DE799F900A002FB00F7BAF1000FA4
:10AB280099F800E008DA1EF0010F0AD0D9F804807D
:10AB3800013009F10C09E7E763453BD001339BB2CB
:10AB4800F6E78846F4E7202363700023E270A370D9
:10AB580099F8003040462371FAF786FA0546D9F885
:10AB68000400FAF781FA28440530C0B21E28207084
:10AB780004D9F9223049314804F0C2FD4046FAF7B9
:10AB880073FA4146421C2E48F9F79CFF4046FAF7F3
:10AB98006BFA336804461F4479682A4D08460191C8
:10ABA800FAF762FA0434421C01992819F9F78AFF66
:10ABB800A81E66E7202363700223A37099F800306B
:10ABC80040466371FAF750FA0546D9F80400FAF7D7
:10ABD8004BFA28440630C0B21E28207005D940F22E
:10ABE80029121549154804F08BFD4046FAF73CFA3E
:10ABF8004146421C1448F9F765FF4046FAF734FA13
:10AC0800044633680F4D1F4479680534084601919E
:10AC1800FAF72AFAC7E700BF40A3002012A30020D2
:10AC280034A30020BF1EFF0F7DA6FE0F38A300200F
:10AC38003CA3002044A30020881EFF0FDB1EFF0F4B
:10AC480017A3002014A3002018A30020961BFF0FB1
:10AC58002DE9F74F0220FDF797FDA74CDFF8B482E6
:10AC68000220A549FDF7AAFD657815F0030503D173
:10AC7800A078FFF7D3FEF3E7012D61D19F4B1B7836
:10AC880093B36088FFF710FE002803DA02232371CC
:10AC9800032313E0002323710C235843984B1B68AC
:10ACA8001A5C191802F00302022A8B6810D0032AD2
:10ACB80013D0012A07D01B78637104232370204620
:10ACC800FDF7B2FDCCE71B88A4F805300523F5E7AE
:10ACD8001B68C4F805300723F0E71A6889490A6039
:10ACE8005A680B234A60E9E7A5782846FFF7DCFD98
:10ACF800002803DAFF23E570A370C7E70C23584345
:10AD08007F4B1B681A5C191802F00302022A8B6831
:10AD18000BD0032A0DD0012A03D01B78E37002233D
:10AD2800CCE71B88A4F80330B2E71B68C4F80330EB
:10AD3800CCE71A6874490A605A6809234A60BDE773
:10AD4800022D50D16D4B1B7823B36088FFF7ACFD03
:10AD580000289BDB0C235843694B1B681A181B5CA3
:10AD680058063FF57DAF03F00303022B926809D024
:10AD7800032B0AD0012B02D0237913709FE7A388F5
:10AD880013809CE76368136099E76168A368C2E968
:10AD9800001394E7A6783046FFF786FD002804DA0A
:10ADA800FF23E670A370257172E70C235843544BB8
:10ADB8001B681A181B5C59063FF552AF03F00303D2
:10ADC800022B926808D0032B09D0012B01D0E3781D
:10ADD800D3E7B4F80330D3E7D4F80330D3E74A4BCA
:10ADE80019685B68D3E7A378002B7FF439AF1A465C
:10ADF800464911F8010B00B9013301321E2AF8D176
:10AE0800012B76DD4048FAF72FF9071D2744054640
:10AE18003846FAF729F9C3464FF0000A0544EB1CF7
:10AE280000933B4B1B680193354B1E68019B9A4569
:10AE380017DB4FF002093448FAF716F90546384689
:10AE4800FAF712F92544284480F805902E48FAF7B5
:10AE58000BF905463846FAF707F9284404302070FC
:10AE68002DE796F9001096F80090002908DA19F0F5
:10AE7800010F19D0D6F804B00AF1010A0C36D5E74B
:10AE880039467068F9F7B4FF0028F5D158461E49CD
:10AE9800F9F7AEFF0028EFD1009B23449B784B4580
:10AEA80004D04FF01609C6E7C346E5E713F040099A
:10AEB8001CD103F003032A1D022B05F10605B16816
:10AEC80004EB05000AD0032B0BD0012B1BBFA318E2
:10AED8009B78635B0B7008BF0B80ACE763590B6012
:10AEE800A9E7D0E90023C1E90023A4E74FF00D0941
:10AEF800A1E703B0BDE8F08F12A3002044A300200F
:10AF080034A3002017A3002015A3002014A30020B9
:10AF180040A30020961BFF0F70B50B4B0246196823
:10AF28000A4B0C251C6800231846814202DC4FF0AE
:10AF3800FF3070BD05FB00F6A657002E02DB9342DA
:10AF4800F7D001330130F0E718AA00200CAA00203E
:10AF5800074A00231046916831B10133802B02F172
:10AF68000C02F8D1002070470C2202FB0300704746
:10AF78000CA400201B4B2DE9F34100250C211F4692
:10AF880001FB05F2D458844228D00135102DF7D1A1
:10AF9800022002B0BDE8F081A3602468002CFBD138
:10AFA8000C2606FB0576706888B14FF0FF382346FB
:10AFB80022460321CDF80080FCF7AEF8CDF80080DA
:10AFC8002346224605217068FCF7A6F874600C2316
:10AFD8005D434FF0FF3300207B51DAE713449C6850
:10AFE8000023DBE748A3002037B500220C240C4BD4
:10AFF80004FB02F1CD58854205D00132102AF7D161
:10B00800022003B030BD58184FF0FF3300930023DF
:10B0180003211A464068FCF77FF80020F1E700BFDB
:10B0280048A3002070B5134B134E1B7873B13446F8
:10B0380000252068431C04D0FFF7D6FF2068FFF7DF
:10B0480099FF0135102D04F10C04F2D100230C20D6
:10B058004FF0FF3100FB03F20133102B9151F9D16E
:10B0680000231946054A0133802B916002F10C0236
:10B07800F9D170BD45A3002048A300200CA40020EE
:10B0880008B5FCF77DF8BDE808400146014800F026
:10B09800A9BC00BFEDB6FE0F2DE9F74F00220C2426
:10B0A8003B4F009104FB02F3DD59854265D0013224
:10B0B800102AF7D1022003B0BDE8F08F0024BA6847
:10B0C800002A37D105EB450A16F80A0006EB0A01F3
:10B0D80000F00F0018F80000019120441A2848DCFD
:10B0E800FFF736FF0446002845D00199B1F8010062
:10B0F800584526D0FFF710FF0028DBDB0C23584308
:10B1080009EB00018968A16019F80000217960F352
:10B118000301217116F80A2062F307112171002337
:10B128002360BA68FAB9BC600135009B9D42C5DB53
:10B138000020C0E711791268090918F801100C44B9
:10B14800BEE70AF103013144A16016F80A0021792B
:10B15800000960F30301217116F80A20023562F331
:10B1680007112171DBE711461268002AFBD10C6038
:10B17800DAE707209FE70C209DE7064A00254FF6EF
:10B18800FF7BD2F80090DFF81480034E1F44CCE711
:10B1980048A300200CAA002020AA00203E1FFF0F71
:10B1A8002DE9F74F00220C2400913A4904FB02F3E1
:10B1B8005D58854262D00132102AF7D1022003B0CF
:10B1C800BDE8F08F0024DAF80820002A36D116F8F6
:10B1D800150006EB450100F00F0018F800006F009D
:10B1E80020441A28019145DCFFF7B2FE04460028E6
:10B1F80042D001994878FF2827D0FFF78DFE002814
:10B20800DCDB0BFB00F009EB00018968A16019F891
:10B218000000217960F303012171F25D62F30711E7
:10B22800217100232360DAF80820EAB9CAF8084037
:10B238000135009B9D42C5DB0020C0E711791268EB
:10B24800090918F801100C44BFE7B91C3144A16082
:10B25800F05D2179000960F303012171F25D023587
:10B2680062F307112171DCE711461268002AFBD14D
:10B278000C60DDE70720A2E70C20A0E7064A0025BE
:10B288004FF00C0BD2F80090DFF81480034E01EB5E
:10B29800030ACEE748A300200CAA002020AA002019
:10B2A8003E1FFF0F2DE99F480520FDF76DFAB64CAC
:10B2B800B64FB5490520FDF781FA4FF0FF313868E0
:10B2C800FBF77AFB63789B0740F0B381A378032BE5
:10B2D80000F2AF81DFE803F002195D4AAC4B4FF092
:10B2E8000C0C186800231A46DFF8CC82E178D8F8ED
:10B2F8000050A84EDFF8C4E282421FDB502363707F
:10B308000023A3700123237016E0A349A34804F087
:10B318000DFC50236370082323700123A370A04BF6
:10B328001B88FF2B28BFFF23E3709E4B1B686360BD
:10B338001023237280236372204678E195F900B0C8
:10B348000CFB02F9BBF1000F95F800A006DA1AF021
:10B35800010F09D06E6801320C35CDE7994200F033
:10B368002F8101339BB2F6E77646F4E750236370EA
:10B37800092323700323A370894B1B88A4F8033087
:10B38800884B1B68C4F80530102363728023A372AE
:10B39800D2E77F4B4FF00C0C196800231A46DFF8F0
:10B3A8001882B4F80300D8F800507A4EDFF80CE29F
:10B3B8008A4203DB502363700223A2E795F900B0A9
:10B3C8000CFB02F9BBF1000F95F800A006DA1AF0A1
:10B3D800010F09D06E6801320C35E9E7984200F098
:10B3E800458101339BB2F6E77646F4E76E4E0022BC
:10B3F8000C23B34694F8038003FB02F1895988456E
:10B4080000F082800132102AF6D100220C2303FBBF
:10B4180002F55BF805A0BAF1FF3F77D00132102A98
:10B42800F5D10C250323204625712370FDF7FCF97F
:10B43800002356481A4619460068FBF797F838E77C
:10B448004046A9F102014908FFF7AAFE0546E9E7C7
:10B458002178E07802394908F6E7E078FFF78AFDB5
:10B46800F4E72279002302EB8202520015464FF0DE
:10B478000C0E94F803C04C4E0EFB03F081598C451A
:10B488005CD00133102BF7D10225CBE7642500955A
:10B49800002304217068FBF73FFE7668FAF77AF913
:10B4A80000230246012130460095FBF735FE0025B2
:10B4B800B8E7E078FFF798FDC8E7FFF7B3FDF6E7D0
:10B4C800394E00220C23B34694F8038003FB02F1A3
:10B4D8008959884518D00132102AF7D100220C2347
:10B4E80003FB02F55BF805A0BAF1FF3F2ED001324D
:10B4F800102AF5D195E703212378E078023BB3FBC6
:10B50800F1F13EE008258DE711258BE7274BAB4489
:10B5180046F80580012200934FF47A715B4624486F
:10B5280094F80090FBF7CAFD0023CBF80400CBF891
:10B538000830002884D146F805A072E70644002A9E
:10B54800A4D131461B4800F04DFA6BE7174BAB44CA
:10B5580046F80580012200934FF47A715B4614483F
:10B5680094F80090FBF7AAFD0023CBF80400CBF871
:10B5780008300028DFD00323A9F10201B1FBF3F161
:10B588004046FFF789FD61E71CAA002008A40020B7
:10B5980018AA0020F81EFF0FFD1EFF0F7DA6FE0F44
:10B5A80010AA002014AA002048A3002089B0FE0F8A
:10B5B800311FFF0FEDB6FE0F0CAA0020961BFF0FE0
:10B5C800502363700023E170A3702B7830462371F9
:10B5D800F9F74AFD82466868F9F746FD5044053098
:10B5E800C0B21E28207005D940F2271238493948C0
:10B5F80004F086F83046F9F737FD3146421C3648E4
:10B60800F9F760FA3046F9F72FFDD8F8003005460B
:10B618009944D9F80410314E08460391F9F724FDEE
:10B628000435421C03997019F9F74CFAB01EFDF75E
:10B63800FBF8637803F00303012B7FF4F9AEA378DA
:10B64800072B3FF65FAF01A252F823F0F5B3FE0FC8
:10B6580059B4FE0F63B4FE0F6BB4FE0FBBB4FE0FFC
:10B66800C3B4FE0FC9B4FE0FFFB4FE0F50236370BE
:10B678000223A3702B7830466371F9F7F5FC8246F4
:10B688006868F9F7F1FC50440630C0B21E282070F3
:10B6980005D94FF4AE720E490E4804F031F8304621
:10B6A800F9F7E2FC3146421C0D48F9F70BFA30462F
:10B6B800F9F7DAFC0546D8F80030084E9944D9F86D
:10B6C8000410053508460391F9F7CEFCA9E700BF39
:10B6D8001B1FFF0FDB1EFF0F21AA00201EAA002040
:10B6E80022AA00202DE9F3474E4F06464FF0FF31BE
:10B6F80085683868FBF760F9FAF74CF852234A4C2A
:10B708004FF00008637004234FF0000A2370336879
:10B71800DFF81891A370E070030A000C23716071C0
:10B7280085B9002338681A461946FAF71FFFFDF74E
:10B73800AFF800286FD1FFF775FC02B0BDE8F047FD
:10B74800FDF794B82B79CDF8008003F00F02013A89
:10B75800CDF804A0062A08D8DFE802F0042C332824
:10B768002F333600AA681278009203F0F002702A8C
:10B7780001D0802A3DD103F00F03072B1BBFDDED5D
:10B78800007AF8EEE77AAB68CDED017A04BF1B6862
:10B798000193702A21D123781A2BC2D8019AE11873
:10B7A800C1F80220043323702D68B9E7AA6892F91A
:10B7B8000020D9E7AA681288D6E7AA68B2F900205B
:10B7C800D2E7AA681268CFE7AA68126807EE902A3B
:10B7D800FDEEE77A17EE902AC6E79DED010A04F020
:10B7E800EFF9237800901C2B9BD8E2185080023385
:10B7F800D9E71B0919F803602078C6F11E0398429F
:10B808008FD80230324669462044F9F75BF922782E
:10B8180016442670C8E7044802B0BDE8F047FDF7B3
:10B8280003B800BF08A400203CAA00203E1FFF0F59
:10B838002DE9F04F464B85B01C780293002C39D186
:10B84800A146A246434A444D444B2A609B1A444AA7
:10B858009B105343434E444FDFF834B133603C6090
:10B8680033684B4529DC0120FAF734FF3F4B0021B0
:10B87800186030680C263E4A2D68138888425CDCC4
:10B8880004B1138000230C244FF0FF30394A04FB25
:10B8980003F10133102B8850F9D1FFF7C3FB0124C2
:10B8A80000239622CDE9004333493448F9F7C6FD11
:10B8B800029B1C7005B0BDE8F08F4FF00C083B6888
:10B8C80008FB09F8CBF802302B6803EB080213F8E1
:10B8D800083019068BF806301FD5DB0703D55068EA
:10B8E800F9F7C2FB82462B689844D8F8041011B3C4
:10B8F80008460391F9F7B8FB039902462048F9F77F
:10B90800E1F8D8F80400F9F7AFFB411D1D4804F031
:10B918001BF909F101093860A2E75068F9F7A4FB9F
:10B928000AF1020318441A28DDD9BB221649174820
:10B9380003F0E6FED7E70521E8E706FB01F7EF5736
:10B948000131002FA2BF013301249BB296E700BF4B
:10B9580045A300200031FF0F0CAA00206838FF0F14
:10B96800ABAAAAAA18AA002014AA002008A400209A
:10B9780010AA002048A300203A1FFF0FADB2FE0F07
:10B9880023AA00201EAA00201B1FFF0F961BFF0FD3
:10B998001CAA002010B5044C226822B908210520F1
:10B9A800FAF79EFD206010BD5CAA0020024B1868C3
:10B9B800003818BF012070475CAA002013B5084C56
:10B9C80022685AB14FF0FF3269462068FAF75CFFE7
:10B9D800009B002BF6D001989847F3E702B010BD02
:10B9E8005CAA002007B578B10023CDE9000107481B
:10B9F8001A4669460068FAF7B9FD002814BF002006
:10BA08000C2003B05DF804FB0820FAE75CAA0020CC
:10BA180010B5047814B90024204610BD4378012BD2
:10BA280013D0022B1FD0836882699A422CBF01234E
:10BA380000230377EFD3C268002AEDD0037CF3B963
:10BA48000123037440699047E6E7D0ED017AF4EEEC
:10BA5800C07AF1EE10FA0DDB8369826893423CBF2D
:10BA680001338361DFE7D0ED017AF4EEC07AF1EEBD
:10BA780010FAF1D90024846104770474CCE71C46D9
:10BA8800CAE70000B0EEC00AF0EEE00AB4EEE00A41
:10BA9800F1EE10FA024820FE200AFFF7B9BF00BFF6
:10BAA800A0AA002010B5D2ED020A92ED010A0446C0
:10BAB800FFF7E8FF054B1B7F33B1002384F86D3097
:10BAC800A4F86E300023A36310BD00BFA0AA002015
:10BAD80030B54378044613F003038BB003D0012B31
:10BAE8000FD00BB030BD83784BB940F20313ADF8DB
:10BAF8000430C37801A88DF80630FDF790FD204684
:10BB080018E083788BB1012BEBD10C4D1D222968ED
:10BB18000330F9F7D7FA2868F9F7A6FA1D288EBF77
:10BB28001E200130C0B22070E9E70423C0F80330BA
:10BB380005230370FCF778FED3E700BF84340020A8
:10BB480010B5054C23782BB90D200449FCF764FE89
:10BB58000123237010BD00BFC0AA0020D9BAFE0F70
:10BB6800014B1860704700BFCCAA00202DE9F04FA8
:10BB78002DED028BADF2945D202103AA04A8FAF7FB
:10BB880055FA1F28074604D959223649364803F082
:10BB9800B7FD364E039833684FF00008C01AF8F71F
:10BBA800A5F802460B4600203149F8F743FAF8F7A2
:10BBB800EFFB304908EE100A2F4803F0B7FF2F4972
:10BBC8002D4803F0B3FFDFF8C490DFF8C4A004AC3D
:10BBD80047450AD10022039B3360294B1A700DF2A6
:10BBE800945DBDEC028BBDE8F08F0023D4F808B05B
:10BBF800D9F8002093422EDB202A04D14A22194981
:10BC0800204803F07DFDD9F800300AEBC305013365
:10BC1800C5F804B0C9F80030D4F818B02B6808F19A
:10BC28000108ABEB030307EE903AF8EE677A67EE8C
:10BC3800887A17EE900AF8F77BF80B466168024697
:10BC48000191A16A0C4800910F4903F06FFF2C3451
:10BC5800C5F800B0BCE70AEBC30569688B45DBD0C3
:10BC68000133C7E7C31FFF0FDD1FFF0F5CAC0020C8
:10BC780000005940F81FFF0F7DA6FE0F0C20FF0F94
:10BC880064AC00202B20FF0F4920FF0F60AC002080
:10BC98005CAB0020024B1B780BB1FFF767BF704706
:10BCA80064AC002037B5104C227822B138220F49F5
:10BCB8000F4803F025FD0F4B01224FF47A710093D2
:10BCC8000D480023FBF7FAF90546F9F763FD6423ED
:10BCD80002460093012100232846FBF71DFA0123A1
:10BCE800237003B030BD00BF58AB0020C31FFF0F47
:10BCF8006020FF0F9DBCFE0F6D20FF0F10B50022C6
:10BD080074210120FAF7ECFB164C206020B934228C
:10BD18001549164803F0F4FC002315491A46206813
:10BD2800FAF724FC002204210120FAF7D9FB114C70
:10BD3800206020B938220C490F4803F0E1FC0023A9
:10BD48000E491A462068FAF711FC00F0B9F802F01B
:10BD580097FDF9F71FFD0122094B1860094B1A706E
:10BD680010BD00BF74B60020BE20FF0FDA20FF0F01
:10BD78001421FF0F78B60020E820FF0F8821FF0F5D
:10BD880074AC002073AC002030B50F4D85B0002294
:10BD98000191044603A92868FAF7BEFE019A039B9D
:10BDA8009A420FDBF9F7F6FC2060084802230022CC
:10BDB80021460068FAF7DAFB02230022286801A965
:10BDC800FAF7D4FB05B030BD78B6002074B6002071
:10BDD80070B50446204B00220D4601461868FAF754
:10BDE8009BFE1E4B22681A60F9F7D4FC2368C01A20
:10BDF800B0F5FA6F15D91A4E337833B92046BDE835
:10BE0800704074221749F8F75DBE2946204602F0B3
:10BE180073FD3378002BF1D002F066FD0028EDD1D8
:10BE280070BDB0F5FA7FFBD90F48022300220F49F5
:10BE38000068FAF79BFB002384F86D3084F86E30B5
:10BE480040F20113A4F87030022384F87230002302
:10BE5800A360E3602362E3E774B6002074AC0020BB
:10BE680072AC00201421FF0F78B600208821FF0F44
:10BE780007B5054B0022186801A9FAF74DFE01988D
:10BE880003B05DF804FB00BF78B6002008B543781E
:10BE9800014603F0F303302B08D1084800F026F8D8
:10BEA800BDE8084001210548FFF76EBF702B03D19C
:10BEB800024800F059FBF3E708BD00BF7CAC002046
:10BEC80010B5084C23785BB9FCF72CFC0320064915
:10BED800FCF7A2FC07200449FCF79EFC0123237011
:10BEE80010BD00BF78AC002095BEFE0F38B50446E3
:10BEF8000D46FFF7BDFF6D4A08B901231370EB89A2
:10BF0800DFED6B7A1BB91370B0EE677A0DE012782B
:10BF1800002AF9D1B3F57A7FF6D307EE103ADFEDB0
:10BF2800656AB8EE477A87FE667A634A84ED0E7AC8
:10BF38001278002A45D007EE103ADFED606AB8EEB5
:10BF4800477A37EE667A87EE266A0222C4ED0E7AC1
:10BF580084ED166A84F86F20594B1A78594B197872
:10BF6800AB1C89B3022184F86D1084F86E1000218F
:10BF7800A4F870105968B3EE0E7A06EE901AC6EE61
:10BF8800876AC4ED146A1968C4ED027A06EE901A3D
:10BF9800C6EE876AC4ED037AC4ED156A002A3DD15E
:10BFA8009B6807EE903AF1EE677A474BC4ED087A42
:10BFB8001B78002B61D0012B65D0022384F87230E6
:10BFC8002CE084F86F20C7E74AB3E88938B3012228
:10BFD80040F2011084F86D20A4F86E00A4F87010E7
:10BFE80084F872205A689FED396A07EE102AB1EE7C
:10BFF800477A84ED107A1A686264EA89C4ED027A95
:10C0080007EE102AB8EEC77AC7EE066AC4ED037ABF
:10C01800C4ED126A9B68C4ED0E7A236138BD002115
:10C0280084F86D1084F86E1029490978A9B902219D
:10C0380084F870101968C4ED027AA161254909785D
:10C0480099B9022184F871105968C4ED037AE16145
:10C05800C4ED147AC4ED157AA0E70121C4ED067A7F
:10C0680084F870101968A160E8E70121C4ED077A27
:10C0780084F871105968E160EAE76B22164917489D
:10C0880003F03EFB99E79FED167AD4ED037A67EE4D
:10C09800877AD4ED026AB0EE676AE6EE877A96EEA2
:10C0A800876AC4ED037A84ED026A86E7303100209E
:10C0B8000000000000606A47F0AC002000FEFF4668
:10C0C800F3AC0020F2AC00203131002000007A44AB
:10C0D8002F3100202E3100208C21FF0FB221FF0FBD
:10C0E800F304353F7047012340F2011180F86D30A9
:10C0F800A0F86E101168016451684164916880F875
:10C1080072308164D368036170470000102B38B522
:10C118000446154605D040F219120F490F4803F09E
:10C12800EFFA012184F86F10EB68A364022384F806
:10C138007230AA6884F86D3007EE902AF1EE677ABB
:10C14800C4ED087A84F86E302B6823656B6884F830
:10C158006C10636538BD00BF1522FF0F3E22FF0F2C
:10C16800102B38B50446154604D0F8220D490E4860
:10C1780003F0C6FA022384F86F30EA6884F8723054
:10C18800A265AB6807EE903AF1EE677A40F20113C8
:10C19800C4ED087AA4F870302B68A3606B68E3607C
:10C1A80038BD00BF1522FF0F6622FF0F082B38B5D8
:10C1B800044615460AD8BE224D494E4803F0A0FA57
:10C1C800C0224B494C4803F09BFA07E0127802F072
:10C1D8000F01092202EB41029A42F1D12B781B0789
:10C1E8006AD040F2DB52B5F80930934294BF00237D
:10C1F8000123002284F86D20A4F86E20022284F81E
:10C208007220D21AD2B284F8702084F87120B5F85E
:10C218000120DFED3A6A07EE902AF8EE677A9FED83
:10C22800387A77EEE67A87EE876A002B46D0354B68
:10C23800D3ED007A66EE677AC4ED027AB5F803307A
:10C2480007EE903AF8EE677A77EEE67A2E4B87EEAD
:10C25800876AD3ED007A66EE677AC4ED037AB5F89B
:10C26800053007EE903AF8EE677A77EEE67A274BD4
:10C27800C7EE876AD3ED007A66EEE77AC4ED087AEE
:10C28800B5F80730DFED226A07EE903AF8EE677AE4
:10C2980077EEE67A87EEA67ADFED1E7A67EE277AE2
:10C2A800F5EEC07A9FED1C7AF1EE10FA48BFF0EE79
:10C2B800477AC4ED0E7A38BD01239AE7174BD3EDC0
:10C2C800007A66EE677AC4ED067AB5F8033007EEB1
:10C2D800903AF8EE677A77EEE67A114B87EE876A3E
:10C2E800D3ED007A66EE677AC4ED077AB7E700BF48
:10C2F8001522FF0F9022FF0F9D22FF0F0080BB44E5
:10C308000000FA4340310020383100204831002035
:10C3180000007A4400FF7F470000000044310020FD
:10C328003C310020102B38B50446154604D0832232
:10C338000D490E4803F0E4F9012384F86F30EB68E7
:10C34800A364022384F87230AB6807EE903AF1EEEA
:10C35800677A40F20113C4ED087AA4F870302B68AC
:10C36800A3606B68E36038BD1522FF0FCB22FF0F77
:10C37800102B38B50446154604D066220D490E48E0
:10C3880003F0BEF9022340F2022284F86D30A4F8CB
:10C398006E202A6822656A686265AA6884F8723025
:10C3A800A265EB6807EE903AF1EE677AC4ED087A79
:10C3B80038BD00BF1522FF0FF722FF0F1C2B70B5E9
:10C3C8000446154605D04FF49F726049604803F053
:10C3D80097F9012384F86D30B5F90020DFED5D7A17
:10C3E80007EE102AB8EEC77AC7EE276AC4ED106ABE
:10C3F800B5F90620032107EE102AB8EEC77AC7EE72
:10C40800276AC4ED146AB5F90C2084F86E3007EE7B
:10C41800102AB8EEC77AC7EE276AC4ED186AB5F9CC
:10C4280002209FED4D6A07EE102AB8EEC77AC7EED4
:10C43800276AC4ED116AB5F90820DFED485A07EEFE
:10C44800102AB8EEC77AC7EE276AC4ED156AB5F99F
:10C458000E2084F86F3007EE102AB8EEC77AC7EEC0
:10C46800276AC4ED196AB5F9043004F1280007EE0B
:10C47800103AB8EEC77AC7EE276AC4ED126AB5F962
:10C488000A3007EE103AB8EEC77AC7EE276AC4ED4D
:10C49800166AB5F9103007EE103AB8EEC77AC7EE4B
:10C4A800276AC4ED1A6AB5F91630DFED2D6A07EE72
:10C4B800103AB8EEC77A27EE267A84ED067AB5F9EF
:10C4C800183007EE103AB8EEC77A27EE267A84EDD0
:10C4D800077AB5F91A3007EE903AF8EEE77A67EE80
:10C4E800A67AC4ED087A2346DFED1E6AD5F8122035
:10C4F800950F8D4213D0C2F3080C07EE90CAF8EEE0
:10C50800E77A67EE867A02F4007687EEA57A920AD1
:10C51800C6B983ED0D7AD3ED0D7AE7EEA76A013936
:10C528004E1CA3F10403E4D1F7EE007A77EEE67A25
:10C53800B1EEE77A00EB850383ED007A4FF0807364
:10C54800236770BDB1EE477AE3E700BF1522FF0FFE
:10C558002223FF0F00007A44F304353F0080FF4395
:10C56800FAAE6A3D000000002DE9F0410B7806465E
:10C578000C462BB940F283121149124803F0C0F857
:10C58800114D74222B680021002BB8BF08233046B8
:10C59800B8BF2B60A778F8F70BFB2B689F420DDA22
:10C5A8000A4B53F827504DB1224612F8033B39463F
:10C5B8003046AC46BDE8F041013B6047BDE8F0813C
:10C5C8001522FF0F4E23FF0F343100209823FF0F51
:10C5D80013B54A4CB0EE402A2178002940F08C80EF
:10C5E800DFED472AB3EE0E3AB0EE621A8DED000A7F
:10C5F800F0EE041ADFED430A9FED430A4348019128
:10C60800FEF786F8DFED3E2AB3EE0E3AB0EE621A78
:10C618009DED002AF0EE041ADFED3A0A9FED3A0A82
:10C6280001993B48FEF774F8DFED371AB3EE0E3A7E
:10C63800B0EE610ADFED322A9DED002A9FED351A32
:10C64800DFED350A01993548FEF762F89FED340AA7
:10C658002E48FEF7EDF89FED320A2D48FEF7E8F870
:10C668009FED300A2D48FEF7E3F8DFED271AB2EE0A
:10C678000E3AB0EE610ADFED222A9DED002AB0EEF7
:10C68800081AF1EE080A01992748FEF741F8DFED8C
:10C698001E1AB2EE0E3AB0EE610ADFED192A9DEDD0
:10C6A800002AB0EE081AF1EE080A01991F48FEF7B1
:10C6B8002FF8B2EE0E3ADFED122A9DED002ADFEDDB
:10C6C8001C1AB7EE001AF1EE080A01999FED0E0A3E
:10C6D8001848FEF71DF8B3EE040A1348FEF7A8F849
:10C6E800B3EE040A1148FEF7A3F89FED130A1148A8
:10C6F800FEF79EF80123237002B010BDF5AC0020B0
:10C708000000FA4300007A4300000000DCB7002074
:10C718002CB700209A9985410000F042D4B6002039
:10C728003333054233B326437CB6002084B7002058
:10C738003333B33E34B800200000B443014B1878BB
:10C74800704700BFF5AC002008B52DED068BB0EEA4
:10C75800408A3B48B0EE610AF0EE609AF0EE418AFA
:10C76800B0EE42AAB0EE629AFEF76EF8B0EE480A52
:10C7780001213348FDF7ECFF9FED328AB4EEC80A79
:10C78800F1EE10FA4CDCDFED307AB4EEE70AF1EEA8
:10C7980010FA48D4BDEEC00A10EE103A1BB22B4A6C
:10C7A800B0EE4A0A2A481380FEF74EF80121B0EE8F
:10C7B800690A2748FDF7CCFFB4EEC80AF1EE10FA73
:10C7C80033DCDFED217AB4EEE70AF1EE10FA2FD46C
:10C7D800BDEEC00A10EE103A1BB21E4AB0EE490A6E
:10C7E8001D481380FEF730F80121B0EE680A1A4898
:10C7F800FDF7AEFFB4EEC80AF1EE10FA1ADCDFED71
:10C80800127AB4EEE70AF1EE10FA16D4BDEEC00AB9
:10C8180010EE103A1BB2114A1380BDEC068B08BD0E
:10C8280047F6FF73BBE70E4BB9E747F6FF73D4E74C
:10C838000B4BD2E747F6FF73EDE7094BEBE700BF79
:10C84800DCB7002000FEFF4600FEFFC6F8AC002063
:10C858002CB70020F6AC0020D4B60020FAAC00209B
:10C868000180FFFF70B52DED068BB0EE40AA06469D
:10C87800B0EE610A2448B0EE609AF0EE418AF0EE1C
:10C88800429AB0EE628A14460D46FDF7DDFF01219B
:10C898001D48B0EE4A0AFDF75BFF1C4886ED000A0A
:10C8A800B0EE690AFDF7D0FF0121B0EE490A17483A
:10C8B800FDF74EFFDFED167A85ED000A38EE680ABF
:10C8C800B4EEE70AF1EE10FA11DDDFED127A30EE80
:10C8D800670A1148FDF7B5FFB0EE680A00210E4857
:10C8E800FDF736FFBDEC068B84ED000A70BDDFED69
:10C8F8000B7AB4EEE70AF1EE10FA44BFDFED057AE1
:10C9080030EE270AE5E700BF7CB6002084B7002098
:10C91800000034430000B44334B80020000034C39E
:10C928000148FDF788BF00BF7CB600200148FDF72D
:10C9380082BF00BF84B7002008B50A48FDF77BFF17
:10C948000948FDF778FF0948FDF775FF0848FDF726
:10C9580072FF0848FDF76FFFBDE808400648FDF77D
:10C968006ABF00BF7CB6002084B7002034B800201E
:10C97800DCB700202CB70020D4B60020044B1B885D
:10C988000380044B1B880B80034B1B881380704764
:10C99800F8AC0020F6AC0020FAAC0020024B1A7864
:10C9A8000AB901221A70704715AD0020014B18789A
:10C9B800704700BF15AD00209FED936AF5EE401A51
:10C9C800DFED926A20EE060A60EE860A21EE061A6C
:10C9D800F1EE10FAF0B580EE267A2DED028BC0EE5E
:10C9E800A67AC1EE263AF6EE004AB7EE085A884B08
:10C9F8008848894A894C8A4909D1B5EE402AF1EE1E
:10CA080010FA04D1F5EE402AF1EE10FA73D022EEB6
:10CA1800026AA1EEA16AA2EEA26A16EE105AA3EB70
:10CA2800650506EE905A26EE246AF0EE455A26EE83
:10CA3800266AE6EEC65A92ED001A66EEA56AD4EDAD
:10CA4800000A91ED004A22EEA66A21EEA60A22EE1D
:10CA5800268A64EE605AD0ED006A21EE044AE6EEBA
:10CA6800815AA6EEA04AFEEE006AE0EEA06AE1EE68
:10CA7800016A24EE461AA8EE261A66EEC06A694DC7
:10CA8800E6EE256A25EEC86AD5ED005AF5EEC05ADD
:10CA9800F1EE10FAA0EE046A4FF00006DFF8A8C124
:10CAA800614F624D40F3AB8021EE254A9CED000AB0
:10CAB800D7ED000AA3EE040A26EEA54A66EE255A2B
:10CAC800E3EE040A95ED004AA3EE254A8CED000A30
:10CAD800C7ED000A85ED004A37EE007A77EEA07AB6
:10CAE80073EE843A524DD5ED005AA1EE257AE6EE62
:10CAF800A57AE6EE253A23EE243A63EE075A23EEAA
:10CB0800277A23EE233AD1ED003A94ED001AD0EDBE
:10CB1800000A63EE237A92ED006AE5EE817A60EE10
:10CB2800C36AE7EE467A23EEC74AE7EE016A27EEC4
:10CB3800207AA0EEE54AA3EE017AA3EE464A70EE0B
:10CB4800A77AA5EEE37AE5EE866A36EE077A31EE45
:10CB5800044A27EEA76A73EEA66AA4EE046AA6EE54
:10CB6800A66AA7EE076A16EE105AA3EB650305EE50
:10CB7800903A26EE246A26EE256AA5EEC65A25EED8
:10CB8800856A27EE067A64EE065A66EE866A67EECE
:10CB9800867A26EE875A26EEE56AA5EEA75AA7EE0C
:10CBA800876AC0ED007A67EEE77AE5EEA57AE6EEE9
:10CBB800E67A36EE066A35EE055AE7EE077A1D4B39
:10CBC80082ED007A83ED006A1B4BC4ED005A83EDB9
:10CBD800005A1A4BC1ED006AC3ED007A184B1A7857
:10CBE80052B922EE052AA1EE862AA2EEA72A154AF4
:10CBF80082ED002A01221A70BDEC028BF0BDCCF840
:10CC080000603E602E606DE7DB0F49400000344352
:10CC1800DF59375F18AD002020AD002050310020CB
:10CC28001CAD0020543100200CAD002010AD0020B8
:10CC380058310020FCAC002000AD002004AD0020DD
:10CC480014AD00204C31002008AD002010B5064C72
:10CC5800246804600548006808600549096811608F
:10CC6800044A12681A6010BD18AD00201CAD0020DF
:10CC780020AD00205031002070B52DED068B2F4BD4
:10CC8800F7EE007A93ED008AB4EEE78AF1EE10FA37
:10CC98002B4B0446D3ED009A2A4B0D46164693EDCE
:10CCA80000AA47DCFFEE007AB4EE678AF1EE10FACC
:10CCB80048BFB0EE678A244B9FED249AD3ED006AF3
:10CCC800234BDFED248AD3ED007A234BD3ED000A02
:10CCD800224B93ED007A20EE870A60EEA00AE6EE7A
:10CCE800A60AA6EEA70AE7EE470A30EE000AE7EE24
:10CCF800E70AF4F7C3F820EE090AC0EE287AB0EE86
:10CD0800480AC6ED007AF4F787F820EE090AC0EE63
:10CD1800287AF0EE4A0AC5ED007AB0EE690AF4F70F
:10CD2800ADF820EE090AC0EE287ABDEC068BC4EDFA
:10CD3800007A70BDB0EE678ABDE700BFFCAC00208A
:10CD480000AD002004AD0020503100200000344325
:10CD580020AD0020DB0F494018AD00201CAD00209D
:10CD68000A4BD3ED007A0A4B60EEA70AD3ED007A9E
:10CD7800084BE0EE270AD3ED007A074BE1EE270ACD
:10CD880093ED000A30EEC00A704700BF00AD0020E6
:10CD9800FCAC002004AD00204C310020014B93ED89
:10CDA800000A704704AD00209FED0B7AF0EE477A39
:10CDB80000F5C873F0EC016A834277EEA67AA6EE16
:10CDC800A67AF7D167EEA77ADFED046A87EEA60A9E
:10CDD80037EE400A704700BF000000000000C8425C
:10CDE8002DE9F04F2DED048B03218FB00020F8F7CB
:10CDF800ABFEFDF7B1FBF8F7CDFC0D90FBF758FE45
:10CE0800002855D001269FEDAC9BAD4CAD4DFBF7EE
:10CE18005BFE2B680133B3F57A7F2B6007D3F8F7F5
:10CE2800B9FC0146A848FBF7F3FF00232B60A74B8A
:10CE3800A74D1A78002A40D000222A701A7020467E
:10CE48003146FBF73BFE2878A0B9FBF75BFE0123D0
:10CE58002B70FCF771FB9F4B83ED000A9E4B83ED13
:10CE6800000A9E4B83ED000A83ED010A83ED020A56
:10CE780083ED030A2B78012B40F09080984A99485B
:10CE88001368276800EB83010F60974FD4F804C03C
:10CE980007EB8301C1F800C09449D4F808E001EB1E
:10CEA800830C0133632BCCF800E047D81360ACE067
:10CEB80001210DA8F8F7DEFDA0E72B78062BBED1DF
:10CEC80000F0E0FC8A4D2B78984205D0184600F017
:10CED800BFFC00F0D7FC287000F064FD854D2B786E
:10CEE800984205D0184600F03DFD00F05BFD287023
:10CEF8003346814A2146814800F0CAFC7F49804870
:10CF0800FEF766FF21467D4A7D48FEF7CBFD2246A7
:10CF18007A4B7B497848009600F04AFD79497A4A6D
:10CF28000B68002BC0F2F281013B0B60002B40F034
:10CF3800ED810123137001F083FA66E0002313608A
:10CF4800FFF732FF384610EE102AFFF72DFF08468C
:10CF580010EE10AAFFF728FF104610EE107AF6F729
:10CF6800E7FE804650468946F6F7E2FE02460B4643
:10CF780040464946F6F77EFD02460B463846CDE95F
:10CF88000A23F6F7D5FEDDE90A23CDE900015F495A
:10CF98005F4802F0CBFD02232B7036E0022B40F0F5
:10CFA800C380DFF83C81D8F80030632B20D84D4A85
:10CFB800216802EB830211604B4A616802EB83022D
:10CFC80011604A4A454F02EB8303A2681A60FCF7D6
:10CFD800B3FA504B1B6807EB8307D7ED007AB4EE22
:10CFE800E70AF1EE10FA03D5FCF7A6FA87ED000A76
:10CFF800D8F800300133012BC8F800300DD14FF6B6
:10D00800FF71444B1868FCF795FAFCF79BFAA36C80
:10D018000136C01A404B1860F8E6322B01D10021C6
:10D02800EFE7642B35D13B4B2E481A68FFF7BCFE5F
:10D038003A492D4801EB8201950010EE108A81EDE6
:10D04800000AFFF7B1FE364B28482B4483ED000A4F
:10D0580010EE107AFFF7A8FE10EE100A551CF6F72E
:10D0680067FECDE902014046F6F762FE8046384683
:10D078008946F6F75DFE02460B4640464946F6F7F6
:10D08800F9FC2A46CDE900012649214802F04EFD67
:10D09800BBE7B3F57A7FB8D300211E4AC8F8001061
:10D0A80013680133032B7FF701AF052301201160BB
:10D0B8002B70FBF727FDA8E70000000000000440E4
:10D0C80030B2002004B20020D824FF0FF4B20020B0
:10D0D800603100200CB2002014B2002018B20020E9
:10D0E80008B2002044AD0020D4AE002064B0002077
:10D0F80002B2002000B20020F4B10020F8B20020F3
:10D1080080B200205C31002001B20020F124FF0F22
:10D118007DA6FE0F28B200208CB8002024AD002088
:10D1280034AD00202025FF0F032B40F098807E4F60
:10D138003B683BB9FCF700FA7C4B83ED000A7C4B5B
:10D1480083ED000AD7F80080B8F1010F17D14FF628
:10D15800FF710020FCF7EEF94FF6FF714046FCF72F
:10D16800E9F94FF6FF710220FCF7E4F94FF6FF7179
:10D178000320FCF7DFF93B6801333B6045E7B8F172
:10D18800310F0ED86A4DFCF7D7F9D5ED007AB4EE19
:10D19800E70AF1EE10FAEED5FCF7CEF985ED000AB4
:10D1A800E9E7B8F1320FE6D100210846FCF7C2F9E9
:10D1B80000210120FCF7BEF900210220FCF7BAF992
:10D1C80000210320FCF7B6F9584BDFF8788193ED7E
:10D1D800008A18EE100AF6F7ABFDD8ED037A78EE60
:10D1E800677A02460B4617EE900ACDE90A23F6F74E
:10D1F8009FFDCDE90801D8ED027A78EE677A17EE3F
:10D20800900AF6F795FDCDE90601D8ED017A78EE9A
:10D21800677A17EE900AF6F78BFDCDE90401D8ED91
:10D22800007A78EE677A17EE900AF6F781FDCDE975
:10D2380002013F49D1ED007A78EE677A17EE900A3D
:10D24800F6F776FDDDE90A23CDE9000139493A48C8
:10D2580002F06CFC04232B7000233B608BE7042B4B
:10D268000BD1314B1A68511CB2F5FA6F19607FF671
:10D27800CCAE00222A701A60C7E6052B7FF4C5AE33
:10D2880004279FED278BDFF8C080DFF8C0A0DFF808
:10D29800C090F8EC017ABAEC017A77EE877AF5EE6D
:10D2A800C07AF1EE10FA06D4B0EE047AF4EEC77A3A
:10D2B800F1EE10FA26DD17EE900AF6F739FDC7F100
:10D2C800050BCDE904015A4649468DED029B8DEDCB
:10D2D800008B194802F02AFC184A322013780133CF
:10D2E8001370F8F70FFC6420F8F70CFC3220F8F7FD
:10D2F80009FC6420F8F706FC3220F8F703FC6420E8
:10D30800F8F700FC013FC4D1062345E61378002B4B
:10D318007FF411AE0A4801F0BFF876E6AFF300805B
:10D32800000000000000000008B200200CB200203D
:10D3380014B200204825FF0F7DA6FE0F2CB2002056
:10D34800F4B1002018B2002024AD002034AD002034
:10D358006125FF0F30B5144D85B02C78039004BBC0
:10D36800FBF78EFB039800F073FA204600F0FAFAF8
:10D3780001F056F800F086FA0C4B187000F012FB1A
:10D388000B4B4FF4E172187005230A4900930A48C1
:10D3980023460194F8F752F80848FBF739FD0123B2
:10D3A8002B7005B030BD00BF10B2002002B20020C3
:10D3B80000B20020AF25FF0FE9CDFE0FBA25FF0F01
:10D3C80010B50C6B234BA24293ED007A224A2CD164
:10D3D800D3ED026AF7EE007A91ED0D6A77EEE67A00
:10D3E80067EE867A0124E6EE877A147093ED047A64
:10D3F800D3ED016A27EE267AE0EE077AC3ED007ACC
:10D4080000228262C262154AD3ED007A92ED007A58
:10D4180037EEC77AC7EE006AC2ED007AC3ED076A35
:10D42800C0ED0C7AC0ED106A10BD1278002AE7D161
:10D43800B5EE407AF1EE10FAD1ED0B7AD6D093ED35
:10D44800036AF7EE006A76EEC66A66EEA77AE6EE3B
:10D45800077ACBE76431002050B300204CB300209A
:10D4680010B50E4C2DED028BB0EE608AD4ED050A96
:10D4780002F0DAFBD4ED017A28EE000ABDEC028B4B
:10D488009FED077AE0EE077AB0EE677AD4ED067A78
:10D4980067EE877AC4ED017A10BD00BF64310020C1
:10D4A800C3F51C4110B504462DED028BB0EE408A41
:10D4B800C0ED1A0AB0EE600AFDF7C6F9B0EE480AE8
:10D4C800BDEC028B2046BDE810400121FDF740B9B4
:10D4D800DFED3B2A13B53B4C012194ED612AD4EDD5
:10D4E8006C1A94ED6B1AD4ED6A0A94ED6E0A04F581
:10D4F800A870B3EE043ACDED012AFDF709F9DDED88
:10D50800012A94ED7D2AD4ED881A94ED871AD4ED7A
:10D51800860A94ED8A0A04F5E0700121B3EE043A14
:10D52800FDF7F6F8DDED012A94ED992AD4EDA41A59
:10D5380094EDA31AD4EDA20A94EDA60A04F50C7092
:10D548000121B3EE043AFDF7E3F8DDED012A94ED8D
:10D558000D2AD4ED181A94ED171AD4ED160A94ED85
:10D568001A0A20460121B3EE043AFDF7D1F8DDEDA1
:10D57800012A94ED292AD4ED341A94ED331AD4ED06
:10D58800320A94ED360A04F170000121B3EE043A30
:10D59800FDF7BEF80121B3EE043ADDED012A94ED62
:10D5A800452AD4ED501A94ED4F1AD4ED4E0A94ED55
:10D5B800520A04F1E00002B0BDE81040FDF7A8B837
:10D5C8000000C842883100202DE9F843DFF81C919B
:10D5D8009FED407AD9ED007A67EE877A3E4C1E4679
:10D5E800C4ED287A3D4B2DED048BC4F81031D2EDF3
:10D5F800140A804696ED0E0A20460D461746C4EDDD
:10D608000C7AFFF74FFF04F17000F0EE408AD7ED77
:10D61800150A96ED0F0AFFF745FFD6ED037A9FED41
:10D62800307A67EE877A9FED2F7AC7EE879AB0EE49
:10D63800408AB0EE690AF3F7F3FAB0EE409AB0EE1A
:10D64800690AF3F735FB68EE407A28EE498AE9EE75
:10D65800687AA0EE288A99ED001AC5ED027AF1EEF3
:10D66800410AB0EE480A85ED018A02F0D7FA99ED31
:10D67800001A85ED010AF1EE410A95ED020A02F061
:10D68800CDFA85ED020AD7ED160A96ED100A04F1D7
:10D69800E000FFF707FFBDEC048BB4F8A0329FED64
:10D6A800127A07EE903AF8EEE77AE0EE077AC8EDDC
:10D6B800007AB4F8A23207EE103AF8EEC76AF4EE30
:10D6C800E67AF1EE10FA44BFB8EE477A88ED007AB0
:10D6D800BDE8F883CDCC8C3F883100206811034227
:10D6E800DB0F49400000344300007A4484310020B5
:10D6F8002DE9F0412DED048B1D463E4BDFED3E6AD2
:10D7080093ED007A27EE267A3C4B3D4ED3ED007A16
:10D7180086ED607A86ED7C7AB6EE007AC7FE877A67
:10D7280067EEA67AC6ED987A9FED367AD5ED037A3C
:10D7380067EE877A9FED347A87EE878AB0EE480ADB
:10D74800144607468846F3F76BFAF0EE408AB0EEC7
:10D75800480AF3F7ADFA94F86D30B0EE408A012B21
:10D76800D4ED149A94ED159A2DD1D4ED100A95EDB7
:10D778000A0A06F5A870FFF795FE84ED140A94F8D6
:10D788006E30012B2AD1D4ED110A95ED0B0A1F48F2
:10D79800FFF788FE84ED150A94F86F30012B08D145
:10D7A800D4ED120A95ED0C0A1948FFF77BFE84EDBB
:10D7B800160ABDEC048B2B46224641463846BDE886
:10D7C800F041FFF701BF94F86C30002BD7D069EE19
:10D7D800407AE8EEA97AC4ED147AD0E794F86C3070
:10D7E800002BD9D028EE298AA8EE898A84ED158ADB
:10D7F800D2E700BF2C340020CDCC8C3F3034002041
:10D8080088310020DB0F49400000344348330020B2
:10D81800B833002010B50D4C04F5A870FDF70BF8CF
:10D8280004F5E070FDF707F804F50C70FDF703F850
:10D838002046FDF700F804F17000FCF7FCFF04F146
:10D84800E000BDE81040FCF7F6BF00BF88310020BB
:10D85800012810B50CD80123064C2370064BDB6851
:10D868009847227805490648BDE8104002F05EB99D
:10D8780010BD00BF51B30020EC27FF0FCC27FF0FCE
:10D888007DA6FE0F014B1878704700BF51B30020EA
:10D8980070B40C26044C054D247806FB0454A46887
:10D8A800A44670BC604700BF51B30020EC27FF0FAF
:10D8B800FFF774B8FFF77AB870B50C461E461946DC
:10D8C80005462046FBF7FAF8B3072ED19FED233A19
:10D8D800D4ED022A94ED012AD4ED001A94ED051A2C
:10D8E800D4ED040A94ED030AFFF766F805F10C027B
:10D8F80005F10801281DFFF7BFF905F1200305F11F
:10D908001C0205F1180105F11400FFF79FF9D4ED89
:10D91800010A94ED021A94ED000AFFF721FADFEDEF
:10D928000F0A85ED140AFFF79BFD0A22B6FBF2F3F6
:10D9380002FB13633BB9A36B33B12435383494E845
:10D948000F0085E80F0070BD324621462846BDE825
:10D9580070409FED030AFFF733BD00BF6F12833B92
:10D968000AD7233C022810B512D80A4C68B1207097
:10D978000C2322785343084AD358984722780749FA
:10D988000748BDE8104002F0D1B801232370EFE743
:10D9980010BD00BF52B300202828FF0F0428FF0F36
:10D9A8007DA6FE0F014B1878704700BF52B30020C8
:10D9B80070B40C26044C054D247806FB0454A46866
:10D9C800A44670BC604700BF52B300202828FF0F50
:10D9D80008B59FED040AFEF7FBFDBDE80840FFF718
:10D9E80077BD00BF6F12033BFEF7A8BE2DE9F843D1
:10D9F8002DED028B90460A9A054612F001060C4658
:10DA08001F462DD191F87230022B5C4B40F0AF804D
:10DA1800D1ED086AD3ED037A9FED597AE6EE877A5D
:10DA28003146C3ED037A9FED577ADFED576AF4EE7E
:10DA3800C77AF1EE10FA00F3928009B1C3ED037AC8
:10DA4800D3ED037A00219FED517ADFED4F6AF4EEB2
:10DA5800C77AF1EE10FA00F1868009B1C3ED037AB6
:10DA68000A21B2FBF1F301FB13222AB93B462246F5
:10DA780042494748FFF73CFEDFF81491002E4CD18D
:10DA880094F86F3013B9A36BC9F8003094F86D207F
:10DA98003A4B12B194F86E201AB9A2685A60E2683B
:10DAA8009A603C4ED3ED032A93ED022AD3ED011A76
:10DAB80097ED031AD7ED020A97ED010A06F10C0259
:10DAC80006F10801301DFEF7CDFE94F87030022BE8
:10DAD80003D1A3697360FEF723FF94F87130022B1A
:10DAE80003D1E369B360FEF721FFD8ED040AD6ED50
:10DAF800032A96ED022AD6ED011A98ED051AF1EEE1
:10DB0800600A98ED030AFEF71FFE28462A1DA91C85
:10DB1800FEF734FFAB885B42AB801F4B99ED008A60
:10DB28001B783BB3FFF73AF9C8EE007AC5ED027AE5
:10DB3800D5ED027AF5EE407AF1EE10FA0BD100231A
:10DB4800AB6000232B60AB80FEF7F6FEFFF762FEAA
:10DB5800FA680A4BDA60BDEC028BBDE8F88377EE11
:10DB6800E67A012163E777EEA67A01216FE7096972
:10DB7800D96075E785ED028ADAE700BF58B300205F
:10DB88006F12033B000034430000B443000034C369
:10DB980054B3002068B3002078B300200023064A5D
:10DBA8001360064A1360064A1360064A1360064A61
:10DBB8001360064A1360704788B300208CB30020B6
:10DBC80090B300207CB3002080B3002084B30020F1
:10DBD800FFF7E4BF012070472DE9F0432DED108BCE
:10DBE80087B01D461E9B0646DB070C46174600F10C
:10DBF8003E83D5ED0A7A91ED108A91ED119A38EEAF
:10DC0800678AD5ED0B7AD1ED128A39EE676AD5EDC0
:10DC18000C7AD1ED16AA78EEE78AD5ED107AF74B93
:10DC2800F74A7AEEE7AA9FEDF7EAD3ED007AD2ED4C
:10DC3800006AE8EE8E7AF1EE669AF4EEE97AF1EE91
:10DC480010FA91ED145AD1ED154A95ED0E3AD5ED2D
:10DC58000F3A05D4F4EEE67AF1EE10FA76FEA79ABA
:10DC6800C3ED009AE84AE94BD2ED006A93ED007AD9
:10DC7800F1EE665AA8EE0E7AB4EEE57AF1EE10FAF5
:10DC880000F1FA82B4EE667AF1EE10FA36FE877A7F
:10DC980083ED007ADE4BD3ED007AE6EE0E7AF4EEF1
:10DCA800E75AF1EE10FA00F3EA82F4EE676AF1EE51
:10DCB80010FA48BFF0EE667A94F86D90C3ED007ADA
:10DCC800B9F1010F9FEDD3AAF7EE00DA94F86F804F
:10DCD80040F0D882D04BD4ED185AD3ED006ACF4B20
:10DCE80093ED009A29EE088ACD4BA5EEA68A93ED0E
:10DCF800004A75EE435ACB4BA4EE258AD3ED005A61
:10DD080029EE069AA5EE878A94ED197AA6EE879AE7
:10DD180034EEE37AA4EE079A94ED1A7AA5EEA79A60
:10DD2800DFEDC17AC14B37EE277AD3ED007A68EE82
:10DD3800A78AE6EE878ABE4BD3ED007ABD4BE7EEA5
:10DD4800AA8AD3ED007AE7EEA98AD4ED087A94F886
:10DD58007230CDED017A022B9FEDB7BA40F0B58253
:10DD6800D5ED03EAE7EE8EEA95ED06DA7DEE0DCA0B
:10DD7800D5ED05FA6DEE2C7AB9F1010FD5ED079ABC
:10DD8800D5ED08AACDED027A3FEEAFCA4DD079EEB7
:10DD9800A96A2DEE0CFA7DEEE77AAAEEA6FAE9EE6C
:10DDA800E67A6FEE0F6AE7EEA76AF0EE67BA76EEEC
:10DDB8008B7A17EE900AF5F7BBFF41EC100BF2F7E0
:10DDC800F1FF51EC100BF6F7E3FA07EE900ACDEEEF
:10DDD800A76A2FEE26FA6BEEA67A66EE8B5AF0EE5D
:10DDE8004F6AD5EE8B6AB0EE676A69EE266AA5EED1
:10DDF800CB6AE8EE276A2BEE670AF0EE667A69EEE0
:10DE0800066AAFEE0B0AE8EE0F6A29EE009AB0EE4A
:10DE1800667AA8EE259AE8EE8B7AA8EE8B7AB0EEB1
:10DE2800678A78EE898AB0EE479A69EE097AE8EE51
:10DE3800087AE8EEA87A17EE900AF5F779FF41EC30
:10DE4800100BF2F7AFFF51EC100BF6F7A1FAB7EE93
:10DE580000FA07EE900ACFEE274A6EEE8AEA69EEDC
:10DE680024DA68EE24BA28EEA4BA744BB0EE6E0A2F
:10DE7800C3ED01DAC3ED00BA83ED02BAF2F7D0FEC2
:10DE88008DED030AB0EE6E0ADFED6BEAF2F710FFD4
:10DE9800DDED032A2EEEEB6A6BEE405AA2EE8B6A9A
:10DEA800EDEEAE5A66EE067A6DEEE22AE5EEA57A5A
:10DEB800E0EE2B2AE2EEA27A17EE900A8DED056AC3
:10DEC800CDED045ACDED032AF5F732FF41EC100BE6
:10DED800F2F768FF51EC100BF6F75AFAB0EE004A69
:10DEE8002FEEAF0A07EE900ABFEE005ACFEE277A60
:10DEF800A0EE045A9DED056ADDED045ADDED032A16
:10DF080065EEA75A66EE276A62EEA72A6DEE0D0A3D
:10DF1800F0EE457AB0EE6D7AE0EE847AA7EEA27A5A
:10DF2800F0EE477A2DEE267A2FEEA53A27EE297ADB
:10DF3800A9EE837A2DEE6F3AA3EE2B7A29EEA93A51
:10DF4800A0EE2D7A69EECD1AA3EE2D7AA1EE8B7A8A
:10DF5800E7EE447A2BEEE97A6BEE653AADEE657A38
:10DF680076EE8B1AE2EEAB3AAFEEA17A2BEEE62A0A
:10DF78007AEEAA1AA5EEAD2A2DEEE26AE1EE877ACC
:10DF880063EEE91AA6EE8B6AEDEE021A26EE691A1E
:10DF98006DEE211A73EE200AE0EE021AADEE2D1A8C
:10DFA80069EEADDA76EE0B4AEFEEA3DAE0EEEB1AA5
:10DFB800A9EE8B1AEDEE64DAEFEE811A32EE6B7A87
:10DFC800EAEEAD1A6DEE224AA1EEC47A6FEE861A19
:10DFD800EFEE824AEDEE251A36EE266AEFEEE61AE5
:10DFE8006AEEA44A26EE2A6AEDEE214AADEE426AAE
:10DFF800F0EE651AAFEEA26A22E000BF90B30020EF
:10E00800443400206F12033B4034002088B30020C2
:10E018008CB3002035FA8E3C34340020683400205C
:10E028005434002060340020C3F51C416C340020B7
:10E03800583400206434002000000000A8B30020F9
:10E04800E4EEC41A36EE066AF0EE614A75EEA55A99
:10E05800E9EE864ADB4BE5EEC34AD3ED005AA3EE60
:10E06800045AF4EE655A97ED043AE5EE234AD7EDE3
:10E07800031A23EE0A3AD4ED063A94ED072AF1EE94
:10E0880010FAB1EE6F0A61EE8A1AB1EE436AD7ED63
:10E09800052A63EE8A3A22EE0A2AB0EE4F5ACA4996
:10E0A800CA4ACB4840F05281D1ED006A71EEE55A78
:10E0B80073EEE66A76EEE56A86EE8EFAD2ED006ACF
:10E0C800D0ED005A72EE666A76EE655AF1EE666A2F
:10E0D80076EEE56A86EE8E4AC3ED001A82ED002AD6
:10E0E800BC4BBD4AD3ED005AD2ED006AE7EECE5ADA
:10E0F800B1EE661AF4EEC15AF1EE10FA80ED006A3C
:10E10800C1ED003A00F12781F4EE665AF1EE10FAFB
:10E1180076FEA55AC3ED005AB04B93ED006AA7EE00
:10E128000E6AB4EEC61AF1EE10FA00F31781F4EE97
:10E13800466AF1EE10FA48BFB0EE666A83ED006AEF
:10E14800A74AA84B92ED001AD3ED006AF1EE410AF6
:10E15800E4EECE6AF4EEE06AF1EE10FA05D4F4EEDD
:10E16800C16AF1EE10FA71FE260AC3ED000A9E4B51
:10E17800D3ED00EA9D4B93ED00EA9D4BD3ED00DA19
:10E188009C4B93ED00DA9C4BD3ED006A9B4BD3ED8F
:10E1980000FA9B4B93ED001AB0EE41BAB8F1000FAC
:10E1A80040F0DF8094ED0E1AB5EEC01AF1EE10FAC9
:10E1B80086ED021A40F3FB8073EEE13A6EEEE77AE1
:10E1C800E3EE8E7AEDEEA57ADFED8E5AEDEE0F7A5C
:10E1D800F4EEE57AF1EE10FA9FED8B5A00F1DB8050
:10E1E800F4EE457AF1EE10FA75FE277A33EE423AEC
:10E1F80027EE2E7AAEEE037AADEE867AADEE047A8D
:10E20800FDEEE77AB4EEE57A17EE903AF1EE10FA01
:10E21800338000F1C380B4EE457ADFED7B7AF1EE0E
:10E2280010FA37FE877A6AEE622ADDED017A66EE29
:10E23800E46AE7EE8A2AE2EEAF6AEBEE206ABDEE08
:10E24800C77AF4EEC56A17EE103AF1EE10FA738049
:10E2580000F3A780F4EEE56AF1EE10FA00F1A4806D
:10E26800F1EE666AFDEEE66A16EE903AB38007B004
:10E27800BDEC108BBDE8F083B0EE657A08E5F0EEF2
:10E28800657A19E594ED030A20EE0A0AF2F710FD03
:10E29800B1EE408A94ED020A20EE0A0AF2F708FD70
:10E2A800B8F1010FB1EE409A0CD1584BD3ED007A7A
:10E2B800574B68EEA78A93ED007ADFED567AE7EEC2
:10E2C800278A38E5F0EE6D8A3FE5012B02D1D4EDBF
:10E2D80004EA49E594F87330012B34D1D4ED0B6A84
:10E2E800D4ED0A9A94ED0D6AD4ED0C7A66EEA99AEB
:10E2F800E7EE869A67EEA77AB0EE6D7AE6EEA67A32
:10E30800F0EE006AA7EEE67A17EE100AF5F710FDB0
:10E3180079EEA97A41EC1C0B17EE900AF5F708FD87
:10E32800B0EE4C1AF0EE6C1A41EC100BF2F738FD17
:10E3380051EC100BF6F72CF8DFED377A07EE100AE0
:10E3480067EE27EA10E5F0EE4BEA0DE5B0EE6E4A0F
:10E35800B0EE6EFAC0E6F0EE415ADBE6B0EE416A86
:10E36800ECE6A0EE0C5A9DED020A75EE40BA29EED5
:10E37800AC5A69EE8C9AEAEEAC9AAAEECC5A68EEE0
:10E38800299AE9EE059A254BE8EEAB9A93ED001A27
:10E3980021EE291A08E7F0EE657A27E79FED197A4A
:10E3A80041E7DFED186A5DE7DFED176A5AE70023FA
:10E3B8003360B38007B0BDEC108BBDE8F043FFF7C6
:10E3C800EDBB00BF9CB30020A4B30020A0B3002085
:10E3D80098B300207CB300203834002080B300209C
:10E3E8003C34002084B300204834002070340020DE
:10E3F80094B30020503400204C34002074340020A2
:10E408005C3400200000FAC60000FA466C34002094
:10E4180034340020C3F51C41E02E654278340020D6
:10E4280008B5F7F7B7F91022034B1860034B1A70B9
:10E4380090225A7008BD00BFB4B30020C8B30020B2
:10E4480038B50023104C114D1149124823706370E0
:10E45800A370E37023716371A371E3712372637214
:10E46800A372E37223736373A373E37301F05EFB18
:10E478002846214610F8022BF6F724FB2846BDE86B
:10E488003840FAF7D1B900BFB8B30020C8B30020AC
:10E498004029FF0F7DA6FE0F70B5B0F9023090ED50
:10E4A800027A07EE903AF8EEE77AB0F9043037EEE0
:10E4B800877A07EE903AF8EEE77A77EE277AFDEE5C
:10E4C800E77A044617EE900A01F0A4FB304DD4ED2C
:10E4D800027A2860B4F9003007EE103AB8EEC77A2D
:10E4E800B4F9043037EEC77A07EE903AF8EEE77AD7
:10E4F80077EE677AFDEEE77A17EE900A01F08AFB6D
:10E508006860B4F90230D4ED027A07EE103AB8EE3A
:10E51800C77AB4F9043037EEC77A07EE903AF8EEC6
:10E52800E77A77EE277AFDEEE77A17EE900A01F0A0
:10E5380071FBA860B4F9003094ED027A07EE903AC6
:10E54800F8EEE77AB4F9043037EE877A07EE903AB6
:10E55800F8EEE77A77EE677AFDEEE77A17EE900A3B
:10E5680001F058FBE860F7F715F90A4C2368C01A60
:10E5780001280CD9084E2946304610F8022BF6F728
:10E58800A1FA3046FAF750F9F7F704F9206070BDA0
:10E59800B8B30020B4B30020C8B3002030B1044B96
:10E5A8001B78184214BF01200020704701207047D3
:10E5B800E8B30020000000002DE9F041AEA7D7E93C
:10E5C8000067082096B0FAF7DFF8A34D082001A9E4
:10E5D800FAF7F4F89DF80630062B00F23A81DFE8E6
:10E5E80013F007000D0046006F008400BB002701F0
:10E5F8009DF80720994B1A7000242EE09DF807001B
:10E60800FFF7CCFF0028F7D04FF0FF312868F8F764
:10E61800D3F9FAF797FFF5F7ADFB32463B46F5F726
:10E6280009FDF5F7B5FE8E4B8E4A03EE100ADDEDB7
:10E63800032A9DED022AD2ED001A93ED000AD3EDCC
:10E64800010A93ED021A884800F092FA0023044662
:10E658001A4619462868F7F789FF04230DEB0300CB
:10E668008DF809408DF80430FAF7DEF8AEE79DF82A
:10E678000700FFF793FF0028BED04FF0FF3128684E
:10E68800F8F79AF9FAF75EFFF5F774FB32463B465E
:10E69800F5F7D0FCF5F77CFE714B724A03EE100AD1
:10E6A800DDED032A9DED022AD2ED001A93ED000A52
:10E6B800D3ED010A93ED021A6B4800F073FAC5E72F
:10E6C8009DF80700FFF76AFF002895D04FF0FF314B
:10E6D8002868F8F771F9644800F008FA00232868F8
:10E6E8001A461946F7F742FF86E79DF80700FFF735
:10E6F80055FF002880D0DDF80910DDF80D20DDF881
:10E708001130099128684FF0FF310A920B93F8F7FE
:10E7180053F9FAF717FFF5F72DFB3B463246F5F7A5
:10E7280089FCF5F735FEDDF819309DF8081002EE82
:10E73800103ADDF81530003902EE900A01EE903AF1
:10E748009DED090ADDED0A0A9DED0B1A18BF01219E
:10E75800454800F043FA79E79DF80700FFF71EFFE8
:10E7680000283FF449AF9DF80A30092B3FF644AF23
:10E778003E4AC3EBC30302EB0308D35C012B7FF4CF
:10E788003BAF98F80130002B7FF436AF4FF0FF31E4
:10E798002868F8F711F9FAF7D5FEF5F7EBFA3246DB
:10E7A8003B46F5F747FCF5F7F3FD314C314A20605D
:10E7B800DDF80B3000EE100A636098F80630214649
:10E7C8002375D8F802301344A36100239DF808206C
:10E7D800A360E3602361F2B19DF8093009A823B36F
:10E7E80000F098FD1E4BDDED0A7A93ED017ADDED20
:10E7F8000B6A37EE677AD3ED027A9DED096A77EEF8
:10E80800E67AD3ED006A76EEC66A84ED037AC4ED43
:10E81800026AC4ED047A9DF809201549003A18BF28
:10E828000122114800F044FA10E700F0F5FCD9E79E
:10E838009DF80730092B0CD80C490298C3EBC30389
:10E84800CA18C850BDF80C109DF80E30918093710D
:10E85800D2E6082401E700BFECB30020E8B30020AB
:10E86800F8B3002068B40020F0B3002020B40020E2
:10E8780004B4002090B800200000000080842E41DD
:10E8880037B5114D2C78E4B9104800F023F902236C
:10E8980096220F4900930F4823460194F6F7CEFDC0
:10E8A8000120F7F717FF0C4B0C4A18600023136080
:10E8B800536093600A4A0B481360FAF7A9FA0123D8
:10E8C8002B7003B030BD00BFE9B30020F0B30020C7
:10E8D8005E29FF0FC1E5FE0FECB30020F8B300205E
:10E8E80068B400206429FF0F014800F002B900BF96
:10E8F800F0B3002000000000F0B5434F8FB004468D
:10E908000E4638684FF0FF31F8F756F8FAF71AFE56
:10E91800F5F730FA3AA3D3E90023F5F78BFBF5F7BF
:10E9280037FD01AD00EE100A3849284600F0E6F838
:10E93800284600F039FB10B9344800F0D7F8002316
:10E9480038681A461946F7F711FE304800F0D1F832
:10E9580078B1D6ED037A9FED2E7A67EE877A2D4B44
:10E96800F16A326BB06A596018609A602A4BC3ED3D
:10E97800007A284600F018FB00283DD095E80700EB
:10E98800DFED267ADDED0D6A26EEA77A84ED047AAE
:10E998009DED0A7A27EE277A84ED067A9DED0B7AAB
:10E9A800019B27EE277A2364029B84ED077A636430
:10E9B800039B9DED0C7AA364049B67EE277A23657D
:10E9C800059BC4ED087A6365069BA365012384F85B
:10E9D8006D3040F20113A4F86E304FF48033236792
:10E9E800079B2366089B6366099BA366094B83E81C
:10E9F8000700094BC3ED006A0FB0F0BDAFF300800C
:10EA08000000000080842E41ECB30020F0B3002009
:10EA180035FA8E3CF8B3002068B40020E02E654239
:10EA280000B52DED048BB0EE409ADFED287A9DB04D
:10EA3800CDED0A0A8DED0B1A8DED099ACDED107A00
:10EA4800CDED117ACDED127A0DAB09AA07CA83E88C
:10EA5800070004AB10AA07CACDED137ACDED147ADE
:10EA6800CDED157AF0EE608A83E80700B0EE418AB2
:10EA7800CDED037A13AB93E80700B0EE427AB0EE1F
:10EA8800620AB0EE612A8DE807009DED0D6ADDEDA2
:10EA98000E6AF0EE674AB0EE675AF0EE675AB0EECB
:10EAA800674AF0EE672AB0EE673AF0EE673AF0EEA2
:10EAB800490AB0EE681AF0EE481A054800F0D2FC90
:10EAC8001DB0BDEC048B5DF804FB00BF0000000026
:10EAD800F0B400200023034A03804360024B9A618C
:10EAE800704700BF6CB40020F0B40020002303700E
:10EAF80070470078B0FA80F04009704770B50A781E
:10EB08000446012A0B4618D0032A2CD14A68DFEDA7
:10EB1800177A92ED007A002130EE477A8426157D27
:10EB2800A94212DBD2ED016A67EEA67AB4EEE77A63
:10EB3800F1EE10FAA4BF00221A7059685B782046DB
:10EB480073B100F0E7FB204670BD906906FB010039
:10EB5800D0F88000013106EE900A77EEA67ADFE75A
:10EB680000F05AFBEFE700F017FAECE700000000AE
:10EB780070B52DED028B06780546B0EE438A012468
:10EB880084B05EB9FFF74CFF054B2C80304683ED0F
:10EB9800008A6B6004B0BDEC028B70BD2046F9E7BB
:10EBA800F0B4002010B52DED028B03780446B0EECA
:10EBB800438A84B073B1032B0CD0FFF731FF0323D2
:10EBC8002380054B002083ED008A636004B0BDEC10
:10EBD800028B10BD0120F9E7F0B4002070B52DEDCF
:10EBE800068B0D46A0B001460446B0EE409A13A825
:10EBF800B0EE620AF0EE42AAF0EE619AB0EE62AAB6
:10EC0800F0EE608AB0EE418AFFF778FF9DED1F2A8B
:10EC18006DB1DDED137A39EE279ADDED147A78EED1
:10EC2800A78ADDED157A79EE829A38EE278A0023D5
:10EC380004AE10931193129310AA0D930E930F9391
:10EC480007CA86E80700194D03930DAB93E8070040
:10EC5800F0EE697A8DE80700B0EE496A2846F0EED2
:10EC6800686AB0EE487ADDED194A9DED1A5ADDED75
:10EC78001B5A9DED1E4ADDED162A9DED173ADDED76
:10EC8800183ADDED130A9DED141ADDED151AB0EEF4
:10EC98006A0A00F0E7FB012300202380656085ED08
:10ECA80000AA20B0BDEC068B70BD00BFF0B40020F8
:10ECB800012342704160037000207047F6EE007A2D
:10ECC800B2EE0C5A61EEA77AC0ED027A65EE427A8E
:10ECD800E0EE857AB2EE005A20EE055AE5EE017AAA
:10ECE800B1EE085A20EE007A20EE055AE5EE227AB7
:10ECF80037EE075A20EE076AE5EE217A26EE006A1B
:10ED0800B1EE045AE7EE437A20EE064A65EE677ADA
:10ED180036EE066AC7EE864A9FED346A66EE427A98
:10ED2800E0EE867A9FED326A20EE066AE6EE017A18
:10ED38009FED306A20EE066AE6EE227AB2EE046AA9
:10ED4800C0ED044A67EE064AE4EEA17AF1EE0C4AF9
:10ED580064EEC74AE4EE837AC7EE844AC0ED054AFA
:10ED6800DFED254A64EEC27AE0EEA47ADFED234AAD
:10ED780060EE244AE4EE817ADFED214A60EE045A1F
:10ED880060EE244A26EE422A60EE256AE4EEA27A74
:10ED980020EE050AF2EE0E4AA0EE862A67EE244A15
:10EDA800A0EE012AE4EEA17AA0EE222AF2EE0A4AA7
:10EDB800A7EE212A64EEC74AA7EE432AE4EE837A37
:10EDC80075EEA55AF1EE677A32EE022AC7EEA54A29
:10EDD8000023C2EE267AC0ED000A80ED011AC0EDCC
:10EDE800064AC0ED077AC360704700BF0000A8421A
:10EDF8000000344200001C4200000C430000904216
:10EE080000008842F7EE007AC7EE806AF0EE667A74
:10EE1800031D203093ED007A27EE277AA3EC017AC0
:10EE2800834267EEA67AF5D1704700F12003D0ED52
:10EE3800017AF1EE677A083040ED017A9842F6D10E
:10EE480070470000F0EE407A9FED060A00F12003BB
:10EE580033ED017AA7EE807A8342B0EE470AF7D104
:10EE6800704700BF00000000F0EE406A034630B56E
:10EE78008DB008AC00F110052246186859680833AF
:10EE880003C2AB421446F7D1B0EE660A0898FFF702
:10EE9800D9FF0998B0EE406AB0EE660AFFF7D2FFD4
:10EEA8000A98F0EE400AB0EE660AFFF7CBFFB0EE24
:10EEB800401AB0EE460A0DB030BD0246012307EEF7
:10EEC800903A92ED017AF8EEE77A67EE877A0133A5
:10EED800082BE2EC017AF2D10023C3617047036882
:10EEE80007EE903A30EE270A10EE103A0360036AF4
:10EEF80007EE903A70EEA70A10EE903A0362036CA0
:10EF080007EE903A31EE271A11EE103A0364036EB9
:10EF180007EE903A71EEA71A11EE903A0366704721
:10EF28007FB5024603466D4600F110062C46186868
:10EF38005968083303C4B3422546F7D1694600240B
:10EF480051F8040B0134FFF75DFF042CF8D1D2F817
:10EF5800803007EE903A20EE270A10EE103AC2F8F9
:10EF6800803004B070BD30B585B003466C4600F102
:10EF78001005224618685968083303C2AB42144684
:10EF8800F7D16946002451F8040B0134FFF795FFC7
:10EF9800042CF8D105B030BD024A0260426082609C
:10EFA800704700BF0000C07FD0ED006AF4EE666ACB
:10EFB800F1EE10FA90ED017AD0ED027A0ED6B4EEA9
:10EFC800477AF1EE10FA09D6F4EE677AF1EE10FA04
:10EFD8006CBF0120002080F0010070470120FAE793
:10EFE800F0B52DED0E8B044685B008460D46B0EE03
:10EFF800408AFFF739FF6E4684ED000AC4ED010A26
:10F0080084ED021A2B4605F1100732461868596834
:10F01800083303C2BB421646F7D10398B0EE480A3C
:10F02800FFF710FF84222946784810EE106AF5F79A
:10F0380049FD7648FFF797FFB0EE480A7348FFF797
:10F0480013FF6A4684ED030AC4ED040A84ED051A29
:10F058006E4B03F11007154618685968083303C545
:10F06800BB422A46F7D10398B0EE480AFFF7EAFEFA
:10F078006648B0EE40BAFFF776FFB0EE480A63483C
:10F08800FFF7F2FE614884ED081AC4ED070A84ED23
:10F09800060AFFF768FFB0EE480A5C48FFF7E4FE8F
:10F0A8009FED5B8A94ED07AAD4ED06BA3AEE08AA5A
:10F0B800D4ED088ADFED577A7BEE88BA78EEA78A16
:10F0C8006AEE0A7AEBEEAB7AE8EEA87A17EE900AC7
:10F0D800B0EE41CAF0EE40CAB0EE609AF4F728FEEE
:10F0E80041EC100BF1F75EFE51EC100BF5F750F9FF
:10F0F800F7EE00DA07EE900A30468DEEA7DAF4F75D
:10F1080017FE41EC100B41EC1E0BF1F7C9FC51EC5A
:10F11800100BF5F73DF9B0EE4E0AF0EE6E0A09EE67
:10F12800900AF1F71DFD51EC100BF5F731F968EE77
:10F138008D8A07EE900A6BEE8DBA2AEE0DAA68EE5C
:10F14800E7AAEAEE08AA28EE6B8AA9EEA88A6AEE70
:10F15800699AE7EEAB9A68EE087AEAEEAA7AE9EEDF
:10F16800A97A17EE900AF4F7E3FD41EC100BF1F7DA
:10F1780019FE51EC100BF5F70BF929EE0A7A07EE98
:10F18800900AACEEAB7ACDEEA77AACEE287A6AEEAE
:10F19800A7AA69EEA79A28EE278AA7EE4A9AF0EE60
:10F1A8006C7A29EE0D9A2AEE696A68EEEA5AE7EE59
:10F1B8006B7AB0EE4C1AA8EE286A6BEEC86A67EE56
:10F1C8008D7AE9EEAB5AA7EE681A29EE088A21EE85
:10F1D8000D1AA7EEAA8A29EE259AEAEE8A6AA1EE06
:10F1E800298AA7EE869AB1EE488AA1EE269A28EED9
:10F1F8008B0A204684ED098A84ED0A9A84ED0B0A6D
:10F20800266305B0BDEC0E8BF0BD00BF0CB5002029
:10F2180000000000C3F51C4170B52DED028B91ED87
:10F22800008A0C4630EE488A0022842506460B7D6B
:10F2380088698EB0934236DC05FB030151F8043C23
:10F2480001A800EE103A8439FFF7CAFED4ED037A1C
:10F258009DED027AD4ED046A37EE277ADDED037A64
:10F2680094ED026A77EEA67ADDED016A76EE866A9B
:10F278000023CDED016A8DED027ACDED037A354696
:10F28800059306930793089309930A930B930C939A
:10F29800049301AC0FCC0FC50FCC0FC50FCC0FC515
:10F2A80023682B6028E005FB0201D1F880C094EDAB
:10F2B800017A07EE90CA67EE277AF4EEC87AF1EE83
:10F2C80010FA1EDB84221148F5F7FCFBDFED101A5B
:10F2D80094ED041AD4ED030A94ED020A0B48FFF7E3
:10F2E800FEFD94ED010A0948FFF71AFEB0EE480A40
:10F2F80030460649FFF774FE30460EB0BDEC028B6F
:10F3080070BD38EE678A013294E700BF0CB5002063
:10F31800000000002DE9F0412DED028B91ED008AEF
:10F32800064630EE488A84220B7D0C4689698EB0E9
:10F33800013B581C3BD19FED498A01A8B0EE480A11
:10F34800FFF74EFED4ED037A9DED027AD4ED046A00
:10F3580037EE277ADDED037A94ED026A77EEA67A26
:10F36800DDED016A76EE866A8DED027ACDED016AF1
:10F37800CDED037A8DED048A8DED058A8DED068A33
:10F388008DED078A8DED088A8DED098A8DED0A8A43
:10F398008DED0B8A8DED0C8A354601AC0FCC0FC56F
:10F3A8000FCC0FC50FCC0FC523682B604BE002FBB9
:10F3B8000317D7F8800094ED017A07EE900A67EEFC
:10F3C800277AF4EEC87AF1EE10FA42DB4FF0000823
:10F3D800842239462248F5F775FBDFED201A94EDB3
:10F3E800041AD4ED030A94ED020A1D48FFF777FDCD
:10F3F80094ED010A1A48FFF793FD194A13460DF1D7
:10F40800040C02F1100E654618685968083303C5E4
:10F418007345AC46F7D101A8FFF707FD08F10108CD
:10F42800B8F1040F02F12002E8D1D7F88030D4ED0A
:10F43800017AB0EE480A07EE103A3046A7EE670A9E
:10F448000749FFF7CDFD30460EB0BDEC028BBDE895
:10F45800F08138EE678A013B6BE700BF00000000CF
:10F468000CB50020F0B52DED048B10EE103A826932
:10F4780097B0C2F880304FF07E534360002383601A
:10F48800C36003610123B0EE428A0375F0EE448A3B
:10F49800B0EE679ACDED0B0A8DED0C1ACDED0D1A75
:10F4A800CDED082A8DED093ACDED0A3ACDED054AA4
:10F4B8008DED065ACDED075A8DED026ACDED036A42
:10F4C8008DED047A13460EAE02F120043546186815
:10F4D8005968083303C5A3422E46F7D19DED243A57
:10F4E800DDED202A9DED022ADDED051A9DED081AB5
:10F4F800DDED0B0A0EA88DED010AFFF7DFFB9DED90
:10F50800010A15460EAE16AF334603CBBB42286040
:10F5180069601E4605F10805F6D123460EAE04F1D2
:10F528002007354618685968083303C5BB422E467C
:10F53800F7D19DED253ADDED212A9DED032ADDED7C
:10F54800061A9DED091ADDED0C0A0EA88DED010ACB
:10F55800FFF7B4FB9DED010A0EAD16AE2B4603CBAB
:10F56800B342206061601D4604F10804F6D102F13F
:10F5780040052B460EAF02F160043E4618685968F4
:10F58800083303C6A3423746F7D19DED263ADDED91
:10F59800222A9DED042ADDED071A9DED0A1ADDEDFC
:10F5A8000D0A0EA88DED010AFFF788FB2B469DED8D
:10F5B800010A0EAE16AF354603CDBD42186059603C
:10F5C8002E4603F10803F6D123460EAE80323546A7
:10F5D80018685968083303C593422E46F7D19FED42
:10F5E8000F3ADDED232AB0EE492AF0EE431AB0EEC9
:10F5F800681AF0EE480A0EA8FFF760FB22460EAB29
:10F6080016AD1C4603CCAC4210605160234602F193
:10F618000802F6D117B0BDEC048BF0BD0000000065
:10F62800C0EE207A9FED180A10B580EE270A04462E
:10F63800F1F788FBF7EE006ADFED145AB0EE667A50
:10F6480060EE007AA0EE257A37EE277A87EE876A91
:10F6580036EE065A84ED026A84ED046A37EEE66AED
:10F66800E0EE656A36EE066A77EEA67A002384ED48
:10F67800035AC7EE876A86EE075AC4ED016A84ED1D
:10F68800005A6361A36110BDDB0F4940F304B53F25
:10F6980030B1F5EEC00AF1EE10FA01D9FFF7C0BF9C
:10F6A8007047000090ED057AD0ED007AF0EE406AE0
:10F6B800E7EE676A90ED016AF0EE667AD0ED066AC9
:10F6C800E6EEC67A9FED0D6AF0EEE75AF4EEC65AFA
:10F6D800F1EE10FA88BFF0EE407A90ED030A90ED53
:10F6E800026A27EE000AA6EE270A90ED046A80ED6A
:10F6F800067AC0ED057AA6EE860A7047FFFF7F7F7F
:10F708000C46154608B5F8F717F9134B134A144970
:10F71800C3E900249D6022462B46124800F006FAF1
:10F7280000210846F9F706FF00210120F9F702FF3A
:10F7380000210220F9F7FEFE00210320F9F7FAFE66
:10F74800F9F7F7FE01210220F9F7F2FE0121042062
:10F75800F9F7EEFEFEE700BFA43400201F008A2F51
:10F768007D29FF0F7DA6FE0F024B034A9960C3E96E
:10F7780000207047A43400201F008A2F2DE9F74F7E
:10F788000F2400250646AA462746CDE900239DF802
:10F7980034B0A100009BA1F12000C1F1200207FABA
:10F7A80001FE07FA00F00EEA030E27FA02F2019BA7
:10F7B80002431A40C1F1200CA1F120002EFA01F8F1
:10F7C80002FA0CFC48EA0C0822FA00F048EA0008A1
:10F7D80022FA01F958EA090309D145B90C9BA34259
:10F7E8000EDC013CD5D2504603B0BDE8F08F064B85
:10F7F800012503EB08021078B0470AF1010AF0E787
:10F808005846B047F9E700BF9729FF0F2DE9F84F91
:10F8180016461F4656EA0703834637D13020D84795
:10F828004FF0010A5046BDE8F88F08FB05F3A4FB2A
:10F8380008451D4422462B4630463946F4F706FF54
:10F84800002908BF0A28F0D24FF0000A22462B46AA
:10F8580030463946F4F7FAFE0A220023F4F7F6FE9A
:10F868000D4BA946985CD847A046204629460A224F
:10F878000023F4F7EBFEB9F1000F08BFB8F10A0F47
:10F8880004460D460AF1010AE0D2CBE7012400251F
:10F898004FF00A08CEE700BF9729FF0F2DE9F04780
:10F8A80014461D4654EA05030646089F23D0002A3D
:10F8B80075F1000313DB9046A94601230A22092C9F
:10F8C80015DC9F4204DDFF1A3020B047013FFBD111
:10F8D80042464B463046BDE8F047FFF797BFD2F1A6
:10F8E80000084FF02D0065EB4509B047E5E794FBAC
:10F8F800F2F40133E3E73020B0470120BDE8F08798
:10F908002DE9F0472DED028B06460F4614460025DB
:10F91800DFF8148282B0387828B9284602B0BDECE6
:10F92800028BBDE8F087252807F1010740F0F98030
:10F93800202296463A783B46302A07F10107F8D04C
:10F948004FF0000C0A27194611F8012B12F808008D
:10F9580040073DD44FF006091A7818F802108907B5
:10F968003BD0582A03F101074ED0643AD1B214298A
:10F97800D1D8142ACFD801A151F822F0FDF9FE0FF1
:10F988001FF9FE0F99FAFE0F1FF9FE0F1FF9FE0F60
:10F99800FDF9FE0F1FF9FE0F1FF9FE0F1DFAFE0FEE
:10F9A8001FF9FE0F1FF9FE0F1FF9FE0F1FF9FE0FBB
:10F9B8001FF9FE0F1FF9FE0F11FBFE0F1FF9FE0FB7
:10F9C80009FAFE0F1FF9FE0F1FF9FE0F11FAFE0FBD
:10F9D800303A0B4607FB0C2CB5E72E2AFDD15A7896
:10F9E800591C18F80200400752BF0B46A2F1300913
:10F9F8000233B1E754F8042B00230093D31724E013
:10FA080054F8042B002326E054F8042B0023CDE9F6
:10FA180000CE29E059786C292AD1DF1C9B7807345D
:10FA280024F00704752BF4E8020112D007D8642BE0
:10FA380007D0692B05D0582B12D000200EE0782B68
:10FA4800FAE70023024600930B463046FFF726FFED
:10FA580004E002460B463046FFF7D8FE05445AE755
:10FA680002460B46CDE900CE3046FFF787FEF5E7A4
:10FA7800752954F8042B03F10207C3D006D864296A
:10FA8800BAD06929B8D05829C0D0D6E77829FBE779
:10FA9800073424F00704F4E80201F4F779FC08EECF
:10FAA800100AB5EEC08AF1EE10FA04D52D20B04741
:10FAB800B1EE488A0135FDEEC88A002318EE902A77
:10FAC80000933046D317FFF7E9FE05442E20B047D0
:10FAD800F8EEE88A0A2338EE688A012219460135C9
:10FAE80091450EDC07EE903AF8EEE77A67EE887AF1
:10FAF80017EE900AF4F7C2FDCDF8009002460B46C7
:10FB0800A3E74B430132EBE754F8049BA5EB090A42
:10FB18000AEB090519F8010B00283FF4FCAEB047C1
:10FB2800F6E7B0470135F6E66904FF0F0EB403B5F2
:10FB380003AA52F8041B0192FFF7E2FE02B05DF837
:10FB480004EB03B070470000F0B54FF0FF3300241A
:10FB58000127DFF868C08C4211DB00224FF000411A
:10FB68001046DC0748BF21FA02F402F1010248BF3F
:10FB78002043202A4FEA5303F3D1C043F0BD0722A4
:10FB88000025065D16F0010F1CBF07FA02FE45EAC4
:10FB98000E05013A4FEA5606F4D2082283EA0563B5
:10FBA800002B02F1FF324FEA4303B8BF83EA0C038C
:10FBB80012F0FF02F4D10134CDE700BFB71DC10434
:10FBC80082B08DED010A019BC3F3C752FF2A4FEAA9
:10FBD800D37105D1C3F3160323B14FF4FC4007E0FA
:10FBE8008E2A07D9002914BF4FF47C404FF4F840FF
:10FBF80002B070476F2A0BD9C3F34930C3F30033FF
:10FC0800184440EAC130703A40EA822080B2EFE7F7
:10FC18000020EDE780F3100080B2704780FE800A74
:10FC280081FE400A70470000F0EEC07AF4EEE07AF8
:10FC3800F1EE10FA0BD4B5EEC00AF1EE10FA02DDBF
:10FC480030EE600A704704D530EE200A70479FED09
:10FC5800010A7047000000000246002310B400F1BA
:10FC6800140112F8014B23448A42DBB2F9D103751F
:10FC7800152200215DF8044BF9F7D9BCF0B54D4DBC
:10FC880087B02C7884BB4C48F9F7CBFC4A48F9F785
:10FC9800CAFCF9F7CAFCF9F7C8FC002800F085800F
:10FCA800464E152221463046F9F7C3FC00287CD081
:10FCB8003268434B9A4278D13379012B30D11427DB
:10FCC8003046337D10F8011B013F0C44E4B2F9D1F2
:10FCD800A3423C4C0BD101223B493C48FFF726FF8D
:10FCE8000123237001232B70002007B0F0BD384991
:10FCF8003648FFF71BFF2770364B304A03F11401D3
:10FD080053F8040B8B4242F8040BF9D11B783148A5
:10FD18001370FFF7A1FF00283FD14FF0FF30E4E751
:10FD28003FD823463046F27B10F8011B01340B44C0
:10FD38000F2CDBB2F8D19A4233D16C462246254BC0
:10FD480003F11007264618685968083303C6BB42F2
:10FD58003446F7D1186830601B7933711E4B04AEF6
:10FD68001968053BCDF80510D3F80910CDF809102E
:10FD7800B3F80D10ADF80D10144603CCB44218605A
:10FD88005960224603F10803F6D1206818602279E9
:10FD98000A481A71FFF760FF38B10122094B1A703F
:10FDA800A0E70022074B1A70A6E7064B1B78002B2A
:10FDB80098D1A1E7A6B50020E8A1002091B50020C0
:10FDC8003078424390B50020E429FF0F7DA6FE0F4E
:10FDD800042AFF0F8834002096B50020054B1B78B5
:10FDE8002BB1054BD3F8073000EE103A70470023CB
:10FDF800FAE700BF90B5002091B50020054B1B78AD
:10FE08002BB1054BD3F80B3000EE103A70470023A6
:10FE1800FAE700BF90B5002091B5002070470000B8
:10FE280008B5054AD2F8883043F47003C2F8883020
:10FE3800FFF7F4FF08BD00BF00ED00E00000000080
:10FE480000000000000000000000000000000000AA
:10FE58000000000000000000FB21F93FFB210940E1
:10FE68007CD91240FB2119407A6A1F407CD9224074
:10FE7800BBFD2540FB2129403A462C407A6A2F4099
:10FE88005C4731407CD932409C6B3440BBFD3540E7
:10FE9800DB8F3740FB2139401BB43A403A463C409F
:10FEA8005AD83D407A6A3F404C7E40405C474140CA
:10FEB8006C1042407CD942408CA243409C6B444029
:10FEC800AC344540BBFD4540CBC64640DB8F474080
:10FED800EB584840FB21494083F9A200444E6E008C
:10FEE800FC291500D1572700DD34F50062DBC0007E
:10FEF8003C999500419043006351FE00BBDEAB0086
:10FF0800B761C5003A6E2400D24D42004906E000B0
:10FF180009EA2E001C92D100EB1DFE0029B11C003D
:10FF2800E83EA700F535820044BB2E009CE984001A
:10FF3800B4267000417E5F00D691390053833900A2
:10FF48009CF439008B5F840028F9BD00F81F3B0042
:10FF5800DEFF97000F980500112FEF000A5A8B005B
:10FF68006D1F6D00CF7E360009CB2700464FB700C6
:10FF78009E663F002DEA5F00BA277500E5EBC700D3
:10FF88003D7BF100F739070092528A00FB6BEA00CB
:10FF98001FB15F00085D8D00300356007BFC4600F2
:10FFA800F0AB6B0020BCCF0036F49A00E3A91D002B
:10FFB8005E619100081BE60085996500A0145F004A
:10FFC8008D40680080D8FF0027734D000606310079
:10FFD800CA561500C9A873007BE260006B8CC0008C
:10FFE800000FC93F000F494000CB9640000FC940A1
:08FFF8000053FB4000CB164151
:020000040FFFEC
:1000000000ED2F41000F49410031624100537B4117
:10001000003A8A4100CB9641005CA34100EDAF411C
:10002000007EBC41000FC94100A0D5410031E24132
:1000300000C2EE410053FB4100F20342003A0A4283
:100040000083104200CB164200141D42005C234284
:1000500000A5294200ED2F4200363642007E3C4288
:1000600000C74242000F4942A2000000F900000010
:10007000830000006E0000004E00000044000000FD
:100080001500000029000000FC000000270000000F
:1000900057000000D1000000F5000000340000000F
:1000A000DD000000C0000000DB0000006200000076
:1000B00095000000990000003C0000004300000093
:1000C0009000000041000000FE0000005100000010
:1000D00063000000AB000000DE000000BB00000079
:1000E000C500000061000000B7000000240000000F
:1000F0006E0000003A000000420000004D000000C9
:10010000D2000000E00000000600000049000000EE
:100110002E000000EA00000009000000D1000000ED
:10012000920000001C000000FE0000001D00000006
:10013000EB0000001C000000B100000029000000DE
:10014000A70000003E000000E80000008200000060
:1001500035000000F50000002E000000BB0000008C
:100160004400000084000000E90000009C00000042
:100170007000000026000000B40000005F000000D6
:100180007E000000410000003900000091000000E6
:10019000D60000003900000083000000530000007A
:1001A00039000000F40000009C0000008400000002
:1001B0005F0000008B000000BD000000F90000009F
:1001C000280000003B0000001F000000F8000000B5
:1001D00097000000FF000000DE00000005000000A6
:1001E000980000000F000000EF0000002F0000004A
:1001F000110000008B0000005A0000000A000000FF
:100200006D0000001F0000006D00000036000000BF
:100210007E000000CF00000027000000CB0000009F
:1002200009000000B70000004F0000004600000079
:100230003F000000660000009E0000005F0000001C
:10024000EA0000002D0000007500000027000000FB
:10025000BA000000C7000000EB000000E50000004D
:10026000F10000007B0000003D00000007000000DE
:1002700039000000F70000008A0000005200000072
:1002800092000000EA0000006B000000FB0000008C
:100290005F000000B10000001F0000008D000000A2
:1002A0005D00000008000000560000000300000090
:1002B0003000000046000000FC0000007B00000051
:1002C0006B000000AB000000F0000000CF00000059
:1002D000BC000000200000009A000000F4000000B4
:1002E000360000001D000000A9000000E30000002F
:1002F00091000000610000005E000000E6000000C8
:100300001B000000080000006500000099000000CC
:10031000850000005F00000014000000A000000045
:1003200068000000400000008D000000FF00000099
:10033000D8000000800000004D00000073000000A5
:100340002700000031000000060000000600000049
:100350001500000056000000CA00000073000000F5
:10036000A8000000C900000060000000E2000000DA
:100370007B000000C00000008C0000006B0000004B
:10038000020000000300000004000000060000005E
:1003900000000040FB21F93F000000002D44743EA6
:1003A000000000809846F83C0000006051CC783B8B
:1003B00000000080831BF0390000004020257A38BF
:1003C000000000802282E336000000001DF3693542
:1003D0000400000007000000090000000000C93F01
:1003E0000000F0390000DA370000A2330000842E4C
:1003F0000000502B0000C2270000D0220000C41FC4
:100400000000C61B000044174FBB610567ACDD3F11
:10041000182D4454FB21E93F9BF681D20B73EF3F2B
:10042000182D4454FB21F93FE2652F227F2B7A3CA3
:10043000075C143326A6813CBDCBF07A8807703C5C
:10044000075C143326A6913C3863ED3EDA0F493F32
:100450005E987B3FDA0FC93F6937AC3168212233A0
:10046000B40F14336821A233002020202020202044
:100470002020282828282820202020202020202054
:100480002020202020202020208810101010101064
:1004900010101010101010101004040404040404B0
:1004A000040404101010101010104141414141414A
:1004B000010101010101010101010101010101012C
:1004C000010101011010101010104242424242423C
:1004D00002020202020202020202020202020202FC
:1004E00002020202101010102000000000000000A4
:1004F00000000000000000000000000000000000FC
:1005000000000000000000000000000000000000EB
:1005100000000000000000000000000000000000DB
:1005200000000000000000000000000000000000CB
:1005300000000000000000000000000000000000BB
:1005400000000000000000000000000000000000AB
:10055000000000000000000000000000000000009B
:100560000000000000000000000000000830002033
:10057000000000000000000000000000000000007B
:10058000000000000000000000000000000000006B
:10059000000000000000000000000000000000005B
:1005A000000000000000000000000000000000004B
:1005B000000000000000000000000000000000003B
:1005C000000000000000000000000000000000002B
:1005D0007372632F6C69622F4672656552544F5374
:1005E0002F7461736B732E6300785461736B0075A5
:1005F000785072696F72697479203C20636F6E66FF
:1006000069674D41585F5052494F524954494553CB
:100610000070785443420049444C45007852657458
:1006200075726E20213D20657272434F554C445FB8
:100630004E4F545F414C4C4F434154455F524551DE
:1006400055495245445F4D454D4F525900765461CE
:10065000736B3A2045786974696E672076546173CC
:100660006B53746172745363686564756C6572284A
:1006700029202D20746869732073686F756C64205D
:100680006E6F742068617070656E20696E206E6F89
:10069000726D616C206F7065726174696F6E0A00B3
:1006A00028206C6973744C4953545F49535F454D1E
:1006B0005054592820707844656C617965645461A0
:1006C000736B4C6973742029202900757853636813
:1006D0006564756C657253757370656E64656420CE
:1006E000213D20305500707850726576696F7573C2
:1006F00057616B6554696D650028207854696D6594
:10070000496E6372656D656E74203E2030552029F8
:100710000075785363686564756C657253757370A2
:10072000656E646564203D3D203155006C697374CD
:1007300043555252454E545F4C4953545F4C454EBD
:1007400047544828202628207078526561647954DF
:1007500061736B734C697374735B207578546F703D
:100760005072696F72697479205D20292029203EBA
:1007700020300070784576656E744C69737400752E
:10078000785363686564756C657253757370656ED4
:1007900064656420213D20282055426173655479A9
:1007A00070655F742029203055007078556E626C3A
:1007B0006F636B656454434200707854696D654F94
:1007C00075740070785469636B73546F5761697402
:1007D000007078544342203D3D207078437572721A
:1007E000656E745443420070785443422D3E7578D0
:1007F0004D75746578657348656C64007078544312
:100800004220213D20707843757272656E745443A6
:1008100042007372632F6C69622F46726565525491
:100820004F532F71756575652E630070785175652E
:100830007565007852657475726E20213D20706474
:100840004641494C0070784E657751756575650075
:100850007848616E646C65002128202820707649F4
:1008600074656D546F5175657565203D3D204E551D
:100870004C4C20292026262028207078517565753B
:10088000652D3E75784974656D53697A6520213D03
:100890002028205542617365547970655F74202962
:1008A0002030552029202900212820282078436F36
:1008B0007079506F736974696F6E203D3D2071755A
:1008C0006575654F56455257524954452029202693
:1008D00026202820707851756575652D3E75784CF9
:1008E000656E67746820213D203120292029002170
:1008F00028202820785461736B47657453636865BA
:1009000064756C657253746174652829203D3D20BF
:100910007461736B5343484544554C45525F53557E
:100920005350454E4445442029202626202820782F
:100930005469636B73546F5761697420213D203093
:10094000202920290028206354784C6F636B2029CC
:1009500020213D207175657565494E54385F4D41C4
:100960005800707851756575652D3E7578497465C8
:100970006D53697A65203D3D2030002128202820D4
:10098000707851756575652D3E757851756575651D
:1009900054797065203D3D207175657565515545EB
:1009A00055455F49535F4D5554455820292026260B
:1009B000202820707851756575652D3E752E785309
:1009C000656D6170686F72652E784D7574657848D5
:1009D0006F6C64657220213D204E554C4C202920BF
:1009E0002900282070785175657565202900212817
:1009F000202820282070764275666665722029209E
:100A00003D3D204E554C4C202920262620282028CC
:100A1000207078517565756520292D3E757849746B
:100A2000656D53697A6520213D2028205542617308
:100A300065547970655F742029203055202920295C
:100A40000021282028207076427566666572203D58
:100A50003D204E554C4C20292026262028207078F9
:100A600051756575652D3E75784974656D53697A64
:100A70006520213D202820554261736554797065B9
:100A80005F74202920305520292029002820635216
:100A9000784C6F636B202920213D20717565756549
:100AA000494E54385F4D415800546D725100737275
:100AB000632F6C69622F4672656552544F532F74D1
:100AC000696D6572732E63002820707854696D65B6
:100AD000722D3E7854696D6572506572696F644914
:100AE0006E5469636B73203E203020290078526574
:100AF0007475726E00546D722053766300282078EE
:100B000054696D6572506572696F64496E546963AA
:100B10006B73203E20302029007854696D65720087
:100B200078436F6D6D616E644944203C20746D7232
:100B300046495253545F46524F4D5F4953525F43AB
:100B40004F4D4D414E44007372632F6C69622F46C6
:100B500072656552544F532F6576656E745F677288
:100B60006F7570732E6300784576656E7447726F8B
:100B70007570002820757842697473546F576169E5
:100B800074466F722026206576656E744556454E14
:100B9000545F424954535F434F4E54524F4C5F424F
:100BA000595445532029203D3D2030007578426935
:100BB0007473546F57616974466F7220213D203001
:100BC000002820757842697473546F436C656172B4
:100BD0002026206576656E744556454E545F424921
:100BE00054535F434F4E54524F4C5F4259544553F8
:100BF0002029203D3D2030002820757842697473FB
:100C0000546F5365742026206576656E744556458D
:100C10004E545F424954535F434F4E54524F4C5FC2
:100C200042595445532029203D3D203000737263C2
:100C30002F6C69622F4672656552544F532F706F47
:100C4000727461626C652F4D656D4D616E672F68C2
:100C50006561705F342E6300282028202820736986
:100C60007A655F7420292070784E6577426C6F63D7
:100C70006B4C696E6B2029202620706F727442596C
:100C800054455F414C49474E4D454E545F4D41538D
:100C90004B2029203D3D2030002820282028207589
:100CA000696E7433325F74202920707652657475D2
:100CB000726E2029202620706F7274425954455F4D
:100CC000414C49474E4D454E545F4D41534B2029B1
:100CD000203D3D203000282070784C696E6B2D3E01
:100CE00078426C6F636B53697A6520262078426C7A
:100CF0006F636B416C6C6F636174656442697420EF
:100D00002920213D20300070784C696E6B2D3E709B
:100D1000784E65787446726565426C6F636B203DF2
:100D20003D204E554C4C007372632F6C69622F4608
:100D300072656552544F532F706F727461626C65A7
:100D40002F4743432F41524D5F434D33335F4E5442
:100D50005A2F6E6F6E5F7365637572652F706F7259
:100D6000742E6300756C437269746963616C4E65BF
:100D70007374696E67203D3D207E30554C00756C64
:100D8000437269746963616C4E657374696E670060
:100D9000706446414C5345007078566563746F72B9
:100DA0005461626C655B20706F7274564543544F9A
:100DB000525F494E4445585F535643205D203D3DA8
:100DC000205356435F48616E646C657200707856BC
:100DD0006563746F725461626C655B20706F7274CE
:100DE000564543544F525F494E4445585F50454E17
:100DF000445356205D203D3D2050656E6453565F40
:100E000048616E646C6572002820636F6E66696766
:100E10004D41585F53595343414C4C5F494E5445E3
:100E200052525550545F5052494F524954592026FE
:100E300020282075696E74385F7420292028207E50
:100E4000282075696E7433325F7420292075634DD4
:100E500061785072696F7269747956616C7565203A
:100E6000292029203D3D203055007563437572725D
:100E7000656E745072696F72697479203E3D207599
:100E8000634D617853797343616C6C5072696F7212
:100E9000697479002820706F727441495243525F1F
:100EA000524547202620706F72745052494F524964
:100EB00054595F47524F55505F4D41534B202920A5
:100EC0003C3D20756C4D617850524947524F55500A
:100ED00056616C7565004759726F204269617320D5
:100EE000666F756E64200A00414B383936332049ED
:100EF000324320636F6E6E656374696F6E205B4F63
:100F00004B5D2E0A004C5053323548204932432065
:100F1000636F6E6E656374696F6E205B4F4B5D2E01
:100F20000A0053454E534F52530053696D756C611F
:100F30007465642053696D205461736B2072756E03
:100F40006E696E670D0A004572726F72207768696C
:100F50006C6520696E697469616C697A696E672075
:100F600073656E736F72207461736B0D0A00534565
:100F70004E534F52532054455354205041535345E0
:100F800044205B4F4B5D2E0A004D505536353030B6
:100F90005F53494D00484D43353838334C5F534912
:100FA0004D004D53353631315F53494D0073746FE9
:100FB000705F696D755F74657374730073746F70BF
:100FC0005F696D755F73656E736F727300737563C0
:100FD0006365737366756C006661696C6564006D4A
:100FE00061696E3A20446562756720636F6E736F46
:100FF0006C6520696E697469616C697A65640A0060
:101000006D61696E3A2055434D2D694D5839332035
:101010004372617A79666C6965204669726D7761A1
:101020007265205374617274696E670A006D61693C
:101030006E3A20506C6174666F726D20696E6974CF
:1010400069616C697A6174696F6E20257320286507
:1010500072726F7220636F64653A202564290A00FA
:101060006D61696E3A204C61756E6368696E6720C8
:1010700073797374656D0A006D61696E3A204C6115
:10108000756E6368696E672073797374656D20731C
:10109000756365737366756C210A006D61696E3ADC
:1010A000205374617274696E67204672656552548C
:1010B0004F5320736368656475656C65722E2E2EC0
:1010C0000A006D61696E3A20536368656475656CEA
:1010D0006572206661696C6564212053686F756C68
:1010E00064206E6F74207265616368207468697330
:1010F00020706F696E740A004E4F204D4154434872
:1011000000706C6174666F726D496E6974436F6EC6
:1011100066696775726174696F6E3A2052617720F3
:1011200064657669636554797065537472696E6736
:101130003D272573272C20706172736564206465D8
:1011400076696365547970653D272573272C207077
:1011500061727365526573756C743D25640A007025
:101160006C6174666F726D496E6974436F6E666907
:101170006775726174696F6E3A20436F6D7061724A
:10118000696E6720646576696365547970653D278B
:10119000257327207769746820636F6E6669675BC3
:1011A00025645D2E646576696365547970653D27B5
:1011B0002573272C20726573756C743D2564202877
:1011C0002573290A00706C6174666F726D496E69CF
:1011D000743A20506C6174666F726D20696E697428
:1011E00069616C697A6174696F6E20636F6D706C90
:1011F0006574650A00694D58393320706C617466F6
:101200006F726D20696E697469616C697A65640AD0
:1012100000303B494D583933005B486172642066A9
:1012200061756C742068616E646C65725D0D0A0096
:101230005230203D2025780D0A005231203D2025D6
:10124000780D0A005232203D2025780D0A005233D5
:10125000203D2025780D0A00523132203D2025788E
:101260000D0A004C52203D2025780D0A00504320E5
:101270003D2025780D0A00505352203D2025780D41
:101280000A0042464152203D2025780D0A0043467F
:101290005352203D2025780D0A0048465352203DE8
:1012A0002025780D0A0044465352203D2025780D14
:1012B0000A0041465352203D2025780D0A007372E2
:1012C000632F647269766572732F7372632F6E7603
:1012D00069635F696D7839332E63005B53656375AD
:1012E0007265206661756C742068616E646C6572ED
:1012F0005D0D0A0053465352203D2025780D0A000B
:1013000053464152203D2025780D0A00636F7079C5
:101310005265736F757263655461626C653A204300
:101320006F7079696E67207461626C652066726F98
:101330006D20257020746F202570202873697A65D0
:101340003A202578290A00435254502D545800431E
:101350005254502D5258004352545020545820613A
:101360006E6420525820537461727465640D0A00D3
:101370007372632F6D6F64756C65732F7372632F57
:10138000637274702E63007175657565735B706F41
:10139000727449645D203D3D204E554C4C00717582
:1013A000657565735B706F727449645D00702D3E86
:1013B00073697A65203C3D20435254505F4D41583B
:1013C0005F444154415F53495A4500637274700051
:1013D000727852617465007278447270527465005C
:1013E0007478526174650073746F705F74646F61B8
:1013F00000000000010000003200000000000000BA
:101400009E07000000000000FEFFFFFF010000003B
:101410003200000000000000FA00000000000000A0
:10142000FEFFFFFF01000000F401000000000000CB
:10143000F401000000000000FEFFFFFF01000000BB
:101440003200000000000000C201000000000000A7
:10145000FEFFFFFF01000000E803000000000000A5
:10146000FEFFFFFF0100000001000000000000007F
:101470000000000000000000FFFFFFFF010000006F
:10148000E803000000000000FEFFFFFF0100000075
:1014900032000000000000003200000001000000E7
:1014A00032000000000000003200000001000000D7
:1014B00032000000000000003200000001000000C7
:1014C00032000000000000003200000001000000B7
:1014D00032000000000000003200000001000000A7
:1014E0003200000000000000320000000100000097
:1014F0003200000000000000320000000000000088
:10150000FFFFFFFF8C14FF0F7C14FF0F5414FF0F1D
:10151000A4300020BC3000202414FF0F0C14FF0F57
:101520003C14FF0FF413FF0F6414FF0F0A4D616C9E
:101530006C6F63206661696C6564210A00000000BD
:1015400000000000B17EFE0F7980FE0F957EFE0F39
:10155000BD80FE0F717EFE0FA17EFE0F017EFE0F8D
:101560001D7EFE0F397EFE0F557EFE0FC180FE0FE1
:10157000858AFE0F535455423A20692E4D5839330F
:10158000207761746368646F6720696E697469614C
:101590006C697A6564202873696D756C6174656423
:1015A00020666F72204849544C290A004E554C4C15
:1015B00020213D2068616E646C65007372632F6446
:1015C0007269766572732F696D7839332F73726320
:1015D0002F66736C5F616461707465725F6C7075A7
:1015E0006172742E63004E554C4C20213D20756174
:1015F00072745F636F6E66696700756172745F63B2
:101600006F6E6669672D3E696E7374616E636520E7
:101610003C202873697A656F6628735F4C7075612A
:101620007274416461707465724261736529202F20
:101630002073697A656F66284C50554152545F5447
:10164000797065202A2929004E554C4C20213D20D7
:10165000735F4C707561727441646170746572423D
:101660006173655B756172745F636F6E6669672D28
:101670003E696E7374616E63655D004E554C4C201F
:10168000213D2064617461006C656E677468203E62
:101690002030550048414C5F55617274496E697441
:1016A0000048414C5F5561727452656365697665A7
:1016B000426C6F636B696E670048414C5F556172A5
:1016C0007453656E64426C6F636B696E67000000F3
:1016D0000000000000003844000039440000574278
:1016E000000058420000594200005A42000069427E
:1016F00000006A427372632F647269766572732F99
:10170000696D7839332F7372632F66736C5F6C70F9
:10171000756172742E6300696E7374616E63652007
:101720003C2041525241595F53495A4528735F6CDE
:101730007075617274426173657329004E554C4C2B
:1017400020213D20636F6E666967003055203C2084
:10175000636F6E6669672D3E626175645261746580
:101760005F427073002875696E74385F7429465340
:101770004C5F464541545552455F4C50554152547B
:101780005F4649464F5F53495A456E28626173650B
:1017900029203E20636F6E6669672D3E7478466926
:1017A000666F57617465726D61726B002875696E42
:1017B00074385F742946534C5F4645415455524531
:1017C0005F4C50554152545F4649464F5F53495A0A
:1017D000456E286261736529203E20636F6E6669DD
:1017E000672D3E72784669666F57617465726D61E8
:1017F000726B004C50554152545F476574496E738B
:1018000074616E6365004C50554152545F496E6976
:1018100074004C50554152545F476574446566618D
:10182000756C74436F6E666967004C505541525435
:101830005F5772697465426C6F636B696E67004CC9
:1018400050554152545F52656164426C6F636B69DD
:101850006E670000000000000000384400003944BA
:1018600000005742000058420000594200005A420E
:101870000000694200006A427F3435363738393A11
:101880003B636C6F636B203C3D206B434C4F434B81
:101890005F457874007372632F6472697665727342
:1018A0002F696D7839332F7372632F66736C5F63A2
:1018B0006C6F636B2E6300434C4F434B5F47657403
:1018C000497046726571000006080A0007090F009A
:1018D00006080A0007090F0007090F0007090F0093
:1018E00007090F0006080A0007090F0007090F0083
:1018F00007090F0007090F0007090F0007090F006C
:1019000007090F0007090F00060D1000060D100053
:10191000060D1000060D1000060D1000060D10003B
:1019200006080A0007090F0007090F0007090F0042
:1019300007090F0007090F0007090F0007090F002B
:1019400007090F0007090F0007090F0007090F001B
:1019500007090F0007090F0007090F0007090F000B
:1019600007090F0007090F0007090F0007090F00FB
:1019700007090F0007090F0007090F0007090F00EB
:1019800007090F0007090F0007090F0007090F00DB
:1019900007090F0006080A0006080A0006080A00E0
:1019A0000D0F10000D0F10000D0F100006080D0098
:1019B00006080F0006080D0006080F0007090F00B3
:1019C00007090F0007090F000D0F0A0006080A009B
:1019D00007090F0007090F0006080A0006080A0099
:1019E00007090F000D0F06000D0F06000D0F060072
:1019F0000D0F06000D0F060006080A0007090B0070
:101A000007090F000D0F100007090F0007090F004D
:101A10000D0F10000D0F100007090B000D0F100027
:101A200007090B0007090F0007090F0007090B0042
:101A300007090F0007090F0007090F0007090F002A
:101A40000D0F0A415353455254204552524F5220D4
:101A50002220257320223A2066696C652022257396
:101A600022204C696E6520222564222066756E63F3
:101A700074696F6E206E616D652022257322200AC5
:101A800000696E7374616E6365203C202873697A07
:101A9000656F6628735F6D75426173657329202FCA
:101AA0002073697A656F6628735F6D75426173652F
:101AB000735B305D2929007372632F6472697665E8
:101AC00072732F696D7839332F7372632F66736C5D
:101AD0005F6D752E6300726567496E646578203CA2
:101AE000204D555F54525F434F554E54004D555F46
:101AF000476574496E7374616E6365004D555F533D
:101B0000656E644D736700131352504D53474C4933
:101B10004E4B3A204661696C656420746F20696E93
:101B2000697469616C697A652052504D73672069E8
:101B30006E7374616E6365210A0052504D53474CB9
:101B4000494E4B3A2052504D736720696E73746151
:101B50006E63652063726561746564207375636389
:101B600065737366756C6C790A0052504D53474C1F
:101B7000494E4B3A2057616974696E6720666F72EF
:101B80002041353520636F7265206C696E6B20755E
:101B9000702E2E2E0D0A0052504D53474C494E4B7D
:101BA0003A2041353520636F7265206973206E6F6E
:101BB000772072656164790A0072706D73672D76A3
:101BC00069727475616C2D7474792D6368616E6EC1
:101BD000656C0052504D53474C494E4B3A20496E6C
:101BE000697469616C697A6174696F6E20636F6D85
:101BF000706C6574650D0A007372632F68616C2FD9
:101C00007372632F72706D73676C696E6B2E6300F5
:101C1000702D3E73697A65203C20435254505F4DCD
:101C200041585F444154415F53495A450052504D19
:101C300053474C494E4B3A204372656174696E6755
:101C40002052504D7367207461736B0A0052504DDF
:101C500053474C494E4B0052504D53474C494E4B05
:101C60003A204661696C656420746F206372656117
:101C700074652052504D7367207461736B0A005273
:101C8000504D53474C494E4B205461736B20727535
:101C90006E6E696E670D0A0072706D73675F6C69B6
:101CA00074655F74785F63616C6C6261636B3A202A
:101CB00053657474696E67206C696E6B5F737461D1
:101CC000746520746F20312C206C696E6B5F6964C1
:101CD0003D25640A0072785F76710074785F7671D2
:101CE00000000000AF9BFE0FD19BFE0FEB9BFE0F91
:101CF000A19BFE0F6C696E6B5F7374617465203D10
:101D00002025640D0A0053595354454D00537973EF
:101D100074656D205461736B204C61756E636865EA
:101D2000640D0A004D4F44494649454400434C4523
:101D3000414E005359533A202D2D2D2D2D2D2D2D53
:101D40002D2D2D2D2D2D2D2D2D2D2D2D2D2D2D2DC3
:101D50002D2D2D2D0A005359533A202573206973D8
:101D600020757020616E642072756E6E696E6721D9
:101D70000A005359533A204275696C642025733A1E
:101D8000257320282573292025730A005359533AB7
:101D9000204920616D2072756E6E696E67206F6ECE
:101DA00020692E4D58393320776974682025644B9B
:101DB00042206F6620666C617368210A0073797334
:101DC00074656D496E69743A2073797374656D201A
:101DD000696E697469616C697A65640A0073797304
:101DE00074656D496E69743A2073797374656D20FA
:101DF00074657374207061737365640A005359537A
:101E00003A20537461727420666F726365642E0A9F
:101E1000005359533A204672656520686561703AEF
:101E20002025642062797465730A0063616E666CB4
:101E3000790073746F705F7379730073656C667487
:101E40006573745061737365640073746F705F734E
:101E50007974656D00666C6173680069643000694F
:101E60006431006964320073746F705F6370750071
:101E70003C463E0A004269746372617A652043728F
:101E8000617A79666C6965007372632F6D6F647532
:101E90006C65732F7372632F706172616D2E6300B6
:101EA000504152414D00506172616D657465722000
:101EB0005461736B2072756E6E696E670D0A004314
:101EC0006C69656E742075736573206F6C64207027
:101ED0006172616D20415049210A00702E73697A48
:101EE00065203C3D20435254505F4D41585F444172
:101EF00054415F53495A4500706C6F7000436C69E0
:101F0000656E742075736573206F6C64206C6F67E9
:101F100067696E6720415049210A007372632F6D13
:101F20006F64756C65732F7372632F6C6F672E63AC
:101F3000006C6F6754696D6572004C4F470000017B
:101F4000020401020404024646416363575A446591
:101F500074656374656400415244657465637465B7
:101F60006400547544657465637465640073746FCC
:101F7000705F7369744177006E65666665637400AF
:101F80006672657100726174696F0073746F705F5F
:101F9000736F756E64006368300063683100636856
:101FA00032006368330074687275737400726F6C0A
:101FB0006C0070697463680073746F705F65787427
:101FC0007278007372632F6D6F64756C65732F7315
:101FD00072632F7379736C6F61642E630074617325
:101FE0006B436F756E74203C205441534B5F4D41E1
:101FF000585F434F554E54005359534C4F41443A48
:10200000205461736B2064756D700A005359534CF2
:102010004F41443A204C6F616409537461636B20F3
:102020006C656674094E616D650A007461736B546A
:102030006F70496E646578203C205441534B5F4D6E
:1020400041585F434F554E54005359534C4F4144F0
:102050003A20252E326620092575200925730A00AD
:1020600021696E697469616C697A6564007379735A
:102070004C6F61644D6F6E69746F7254696D6572F7
:10208000007461736B44756D700073746F705F736F
:10209000797374656D0066726F6E74006261636B54
:1020A000006C656674007269676874007A72616EAC
:1020B00067650073746F705F72616E67650073723D
:1020C000632F6D6F64756C65732F7372632F636F0D
:1020D0006D6D616E6465722E6300736574706F69F7
:1020E0006E745175657565007072696F7269747987
:1020F000517565756500656E486967684C657665FC
:102100006C0073746F705F636F6D6D616E64657288
:1021100000000000000000000000000000000000BF
:1021200000000000000000000000000000000000AF
:10213000000000000000000000000000000000009F
:10214000000000000000000000000000000000008F
:10215000000000000000000000000000000000007F
:10216000000000000000000000000000000000006F
:10217000000000000000000000000000000000005F
:102180000000000000000000000000007372632FD8
:102190006D6F64756C65732F7372632F63727470E7
:1021A0005F636F6D6D616E6465725F727079742EBE
:1021B000630066616C736500616C74686F6C6400C9
:1021C000706F73686F6C6400706F7353657400791F
:1021D00061774D6F64650079617752737400737431
:1021E00061624D6F6465526F6C6C00737461624D17
:1021F0006F6465506974636800737461624D6F64E5
:10220000655961770073746F705F666C6967687495
:102210006D6F6465007372632F6D6F64756C6573A9
:102220002F7372632F637274705F636F6D6D616E75
:102230006465725F67656E657269632E63006461D1
:1022400074616C656E203D3D2073697A656F662808
:1022500073747275637420686F7665725061636B16
:1022600065745F732900646174616C656E203D3D27
:102270002073697A656F6628737472756374206160
:102280006C74486F6C645061636B65745F73290094
:10229000646174616C656E203E3D20390064617438
:1022A000616C656E203D3D2039202B2028322A7636
:1022B000616C7565732D3E6864722E6E756D417527
:1022C000784368616E6E656C732900646174616C3B
:1022D000656E203D3D2073697A656F662873747260
:1022E000756374207A44697374616E6365506163C9
:1022F0006B65745F732900646174616C656E203D69
:102300003D2073697A656F662873747275637420F3
:1023100076656C6F636974795061636B65745F7324
:102320002900646174616C656E203D3D2073697A9B
:10233000656F66287374727563742066756C6C5370
:10234000746174655061636B65745F732900706BB1
:102350002D3E73697A65203E2030007261746552AB
:102360006F6C6C00726174655069746368007261AF
:10237000746559617700616E67526F6C6C00616EB5
:102380006750697463680073746F705F636D647223
:102390004350504D00000000EDC0FE0F79C3FE0F0A
:1023A0002DC3FE0FB5C1FE0F69C1FE0F15C1FE0F93
:1023B000C5C3FE0FEFC0FE0F726F6C6C5F6B7000D9
:1023C000726F6C6C5F6B6900726F6C6C5F6B64003A
:1023D00070697463685F6B700070697463685F6BC9
:1023E000690070697463685F6B64007961775F6B23
:1023F00070007961775F6B69007961775F6B64006A
:1024000073746F705F7069645F7261746500737478
:102410006F705F7069645F6174746974756465007E
:10242000726F6C6C5F6F75745000726F6C6C5F6F65
:1024300075744900726F6C6C5F6F757444007069DD
:102440007463685F6F7574500070697463685F6F60
:102450007574490070697463685F6F7574440079BE
:1024600061775F6F757450007961775F6F7574493C
:10247000007961775F6F75744400626173655A61BA
:1024800063630073746F705F73656E7366757369F1
:102490006F6E3600717700717800717900717A0083
:1024A00067726176697479580067726176697479C8
:1024B0005900677261766974795A006163635A6280
:1024C000617365006973496E697400697343616C77
:1024D0006962726174656400535441423A204865F0
:1024E00061727462656174207469636B2025640A8B
:1024F00000535441423A20416363206E6F69736513
:1025000020666C6F6F722076617269616E63652000
:10251000582B593A25662C20285A3A2566290A0054
:10252000535441423A204D6F746F72204D25642000
:1025300076617269616E636520582B593A25662071
:10254000285A3A2566290A00535441423A20256602
:102550002025662025662025662025662025660A1A
:1025600000535441423A2050726F70656C6C657232
:102570002074657374206F6E204D2564205B464186
:10258000494C5D2E206C6F773A2025302E32662C18
:1025900020686967683A2025302E32662C206D65E8
:1025A0006173757265643A2025302E32660A0053D5
:1025B000544142494C495A45520053746162696C16
:1025C000697A6572205461736B2072756E6E696EE4
:1025D000670D0A00696E74546F4F75740073746FE1
:1025E000705F6C6174656E63790073746F705F7394
:1025F00074617465457374696D61746500637472A8
:102600005F7961770073746F705F636F6E74726F60
:102610006C6C65720073746F705F6D6167007374CA
:102620006F705F6779726F0061736C0074656D70B5
:102630000070726573737572650073746F705F629A
:1026400061726F0073746F705F6163630073746FA6
:10265000705F73746162696C697A65720073746F1C
:10266000705F6374726C7461726765740065737413
:10267000696D61746F7200737461727450726F70FF
:10268000546573740073746F705F6865616C74680F
:1026900000657374416C70686141736C006573749C
:1026A000416C7068615A720076656C466163746F44
:1026B000720076656C5A416C7068610076416363A4
:1026C0004465616462616E640073746F705F706F03
:1026D00073457374416C7400657374696D617465DE
:1026E000645A00657374565A0076656C6F6369743A
:1026F000795A007468727573744261736500746806
:10270000727573744D696E0072704C696D697400F6
:10271000787956656C4D6178007A56656C4D6178B4
:102720000073746F705F706F7343746C50696400F2
:1027300076784B700076784B690076784B6400763B
:10274000794B700076794B690076794B6400767A24
:102750004B7000767A4B6900767A4B640073746F25
:10276000705F76656C43746C506964007461726765
:1027700065745658007461726765745659007461C7
:1027800072676574565A0074617267657458007494
:10279000617267657459007461726765745A005993
:1027A0007000596900596400565870005658690005
:1027B00056586400565A7000565A6900565A6400BA
:1027C00073746F705F706F7343746C00455354493A
:1027D0004D41544F523A205573696E6720657374AA
:1027E000696D61746F722025640A000000000000AA
:1027F0000000000000000000B9D8FE0FBDD8FE0F99
:10280000C1D8FE0F434F4E54524F4C4C45523A20C4
:102810005573696E6720636F6E74726F6C6C65724E
:102820002025640A000000000000000000000000F5
:1028300000000000D9D9FE0FF1D9FE0FF5D9FE0F27
:10284000D9DBFE0FDDDBFE0FE1DBFE0F74696C747C
:10285000436F6D70006163747561746F7254687258
:1028600075737400726F6C6C52617465007069747A
:102870006368526174650079617752617465007AAA
:102880006478007A6479007A647A00695F657272AC
:102890005F7800695F6572725F7900695F65727267
:1028A0005F7A0073746F705F6374726C4D656C0057
:1028B0006B705F7879006B645F7879006B695F7823
:1028C0007900695F72616E67655F7879006B705F30
:1028D0007A006B645F7A006B695F7A00695F72618E
:1028E0006E67655F7A006D617373006D6173735419
:1028F0006872757374006B525F7879006B525F7AFF
:10290000006B775F7879006B775F7A006B695F6D3A
:102910005F7879006B695F6D5F7A006B645F6F6DE4
:102920006567615F727000695F72616E67655F6D98
:102930005F787900695F72616E67655F6D5F7A00CD
:1029400053544F50200A006D34006D31006D320039
:102950006D330073746F705F6D6F746F7200434DF1
:1029600044484C004352545020436F6D6D616E6477
:1029700065722072756E6E696E670D0A0053595349
:102980003A20417373657274206661696C656420D6
:1029900025733A25640A00303132333435363738FE
:1029A000394142434445467265766973696F6E30BA
:1029B000007265766973696F6E31006D6F64696668
:1029C0006965640073746F705F6669726D776172B8
:1029D00065004E4100010000000000000000000002
:1029E00006000000434647424C4B3A207625642CB3
:1029F00020766572696669636174696F6E205B4FEA
:102A00004B5D0A00434647424C4B3A20566572697B
:102A10006669636174696F6E205B4641494C5D0A6B
:102A20000000000000000000F8B500BFF8BC08BCC2
:102A30009E467047F8B500BFF8BC08BC9E4670477C
:102A400081000000C10FFF0F0000000048000000DF
:102A5000950FFF0FC49F002048000000A20FFF0F3A
:102A6000C19F002080000000BC0FFF0F000000008D
:102A700081000000B20FFF0F0000000048000000BE
:102A8000890FFF0FC59F002048000000950FFF0F22
:102A9000C09F002048000000A20FFF0FC39F00202E
:102AA00080000000AD0FFF0F00000000810000005B
:102AB0006C1EFF0F0000000049000000551EFF0FB4
:102AC0003F8BFE0F4A0000005B1EFF0F458BFE0F81
:102AD0004A0000005F1EFF0F4D8BFE0F4A000000F2
:102AE000631EFF0F518BFE0F80000000671EFF0F5B
:102AF00000000000810000008F20FF0F0000000098
:102B0000000000003B1EFF0F02A300208000000019
:102B10004A1EFF0F0000000081000000901FFF0F01
:102B20000000000008000000791FFF0FD0AA00205D
:102B30004A000000781FFF0FC4AA0020090000000F
:102B4000801FFF0F2C31002008000000851FFF0FA1
:102B5000C8AA0020800000008B1FFF0F00000000AB
:102B6000810000008F20FF0F00000000080000001F
:102B70008120FF0F64AC0020800000008A20FF0F3E
:102B800000000000810000000721FF0F000000008E
:102B900008000000F620FF0F72AC0020800000004B
:102BA0000221FF0F00000000810000000A22FF0F39
:102BB0000000000008000000B821FF0FF0AC00206A
:102BC00008000000C021FF0FF2AC00200800000048
:102BD000C821FF0FF3AC002008000000CF21FF0F39
:102BE0003131002008000000D721FF0FF1AC002098
:102BF00008000000DE21FF0F2F3100200800000038
:102C0000EB21FF0F2E31002008000000F921FF0FFB
:102C1000F4AC0020800000000522FF0F000000003F
:102C2000810000008C23FF0F000000000600000060
:102C30005B23FF0F44310020060000006423FF0FD8
:102C40003C310020060000006E23FF0F48310020B9
:102C5000060000007623FF0F403100200600000030
:102C60007E23FF0F38310020800000008723FF0FF4
:102C700000000000810000001324FF0F000000008E
:102C800006000000B823FF0F90B6002006000000E9
:102C9000C023FF0F94B6002006000000C823FF0FDA
:102CA00098B6002006000000D023FF0F98B7002040
:102CB00006000000D923FF0F9CB70020060000008B
:102CC000E223FF0FA0B7002006000000EB23FF0F58
:102CD00048B8002006000000F223FF0F4CB8002087
:102CE00006000000F923FF0F50B80020800000000C
:102CF0000E24FF0F00000000810000000524FF0FDC
:102D00000000000006000000B823FF0FF0B700200D
:102D100006000000C023FF0FF4B7002006000000EB
:102D2000C823FF0FF8B7002006000000D023FF0FD4
:102D300040B7002006000000D923FF0F44B7002051
:102D400006000000E223FF0F48B700200600000045
:102D5000EB23FF0FE8B6002006000000F223FF0F70
:102D6000ECB6002006000000F923FF0FF0B60020AB
:102D7000800000000024FF0F000000008100000020
:102D80008824FF0F0000000006000000D623FF0F7C
:102D90005831002006000000DF23FF0F54310020CF
:102DA000060000007A24FF0F4C3100208000000054
:102DB0008324FF0F00000000810000008A26FF0F1F
:102DC00000000000080000007726FF0FF4B200208A
:102DD000800000008526FF0F000000008100000039
:102DE0005226FF0F00000000080000006D26FF0FB4
:102DF00002B20020080000000A26FF0F00B20020E7
:102E0000800000004D26FF0F000000008100000040
:102E1000CE26FF0F00000000060000009126FF0FE5
:102E200070310020060000009D26FF0F6C3100204D
:102E300006000000A826FF0F7431002006000000E5
:102E4000B226FF0F7C31002006000000BC26FF0FD9
:102E50007831002080000000C926FF0F000000002C
:102E6000810000002627FF0F000000000600000080
:102E70003127FF0FEC320020060000003627FF0F3D
:102E8000F0320020060000003B27FF0FF432002044
:102E9000060000004027FF0F5C3300200600000002
:102EA0004527FF0F60330020060000004A27FF0F70
:102EB00064330020060000004F27FF0FCC330020B2
:102EC000060000005427FF0FD0330020060000004A
:102ED0005927FF0FD433002009000000F326FF0F0D
:102EE0002834002009000000FE26FF0F2A340020AD
:102EF000060000000827FF0F8431002006000000B4
:102F00001027FF0F2C340020060000001927FF0FA8
:102F100030340020800000002127FF0F0000000057
:102F2000810000006227FF0F000000000600000083
:102F30003027FF0F9C310020060000003527FF0FCF
:102F4000A0310020060000003A27FF0FA431002026
:102F5000060000003F27FF0F0C3200200600000093
:102F60004427FF0F10320020060000004927FF0F02
:102F700014320020060000004E27FF0F7C32002094
:102F8000060000005327FF0F8032002006000000DB
:102F90005827FF0F84320020800000005D27FF0FBC
:102FA00000000000810000000A26FF0F0000000062
:102FB000080000004C28FF0F78B3002080000000BC
:102FC0000526FF0F0000000081000000A828FF0F69
:102FD0000000000006000000B028FF0F6834002049
:102FE00006000000B628FF0F543400200600000041
:102FF000BC28FF0F6034002006000000C228FF0F2D
:103000004034002006000000CD28FF0F6C34002063
:1030100006000000D228FF0F5834002006000000F0
:10302000D728FF0F6434002006000000DC28FF0FC3
:103030004434002006000000E628FF0F343400204E
:1030400006000000EB28FF0F783400200600000087
:10305000F628FF0F4834002006000000FC28FF0F70
:103060004C340020060000000129FF0F70340020BE
:10307000060000000729FF0F74340020060000003E
:103080000C29FF0F94B30020060000001429FF0F45
:103090005C340020060000001B29FF0F5034002084
:1030A000060000002729FF0F38340020060000002A
:1030B0003429FF0F3C34002080000000A328FF0FBC
:1030C0000000000081000000C929FF0F000000007F
:1030D0004A000000A729FF0FD829FF0F4900000070
:1030E000B129FF0FDC29FF0F48000000BB29FF0FAB
:1030F000D529FF0F80000000C429FF0F0000000049
:1031000081000000CB13FF0F000000000200000050
:10311000D013FF0FBCA0002002000000D713FF0F48
:10312000BEA0002002000000E013FF0FC0A000209E
:1031300080000000E713FF0F000000008100000086
:10314000371EFF0F00000000040000002B1EFF0FC1
:1031500000A3002080000000321EFF0F00000000CE
:1031600081000000721FFF0F00000000010000003E
:10317000471FFF0F9CAA002001000000571FFF0FF0
:103180007CAA002001000000621FFF0FBCAA0020E3
:10319000800000006D1FFF0F000000008100000094
:1031A000BD1FFF0F0000000002000000961FFF0F70
:1031B000D4AA0020020000009A1FFF0FD6AA002008
:1031C000020000009E1FFF0FD8AA0020020000008E
:1031D000A21FFF0FDAAA002002000000A61FFF0FA7
:1031E0001CAB002007000000AD1FFF0FECAA002061
:1031F00007000000B21FFF0FF0AA00200700000028
:103200000126FF0FF4AA002080000000B81FFF0F66
:103210000000000081000000B820FF0F0000000047
:10322000020000009620FF0F66AC002002000000A4
:103230009C20FF0F68AC002002000000700BFF0F05
:103240006EAC002002000000A120FF0F6AAC00203D
:1032500002000000A620FF0F6CAC0020020000005E
:10326000AC20FF0F70AC002080000000B320FF0FE7
:1032700000000000810000001324FF0F0000000088
:10328000070000002024FF0F9CB60020070000006C
:103290002A24FF0FA0B60020070000003424FF0FEF
:1032A000A4B60020070000003E24FF0FA4B70020B2
:1032B000070000004924FF0FA8B700200700000006
:1032C0005424FF0FACB70020070000005F24FF0F5D
:1032D00054B80020070000006824FF0F58B80020F1
:1032E000070000007124FF0F5CB800208000000080
:1032F0000E24FF0F00000000810000000524FF0FD6
:1033000000000000070000002024FF0FFCB7002091
:10331000070000002A24FF0F00B80020070000006B
:103320003424FF0F04B80020070000003E24FF0FE4
:103330004CB70020070000004924FF0F50B70020C1
:10334000070000005424FF0F54B7002007000000BE
:103350005F24FF0FF4B60020070000006824FF0F71
:10336000F8B60020070000007124FF0FFCB6002013
:10337000800000000024FF0F00000000810000001A
:103380008824FF0F00000000070000009424FF0FB6
:1033900050310020070000009724FF0F18AD0020D7
:1033A000070000009A24FF0F1CAD0020070000005A
:1033B0009D24FF0F20AD002007000000A024FF0F78
:1033C000FCAC002007000000A924FF0F00AD002086
:1033D00007000000B224FF0F04AD0020070000002A
:1033E000BB24FF0F4C31002001000000C424FF0F5C
:1033F00015AD002001000000CB24FF0F14AD00200C
:10340000800000008324FF0F000000008100000006
:103410007F24FF0F00000000070000009128FF0F2D
:1034200030B20020070000009928FF0F34B20020BE
:1034300007000000FF28FF0F38B2002080000000C6
:103440004426FF0F00000000810000003F26FF0F10
:1034500000000000070000002826FF0F5CB20020DB
:10346000070000002C26FF0F58B2002007000000C4
:103470003126FF0F54B20020800000003A26FF0FD3
:1034800000000000810000000A26FF0F000000007D
:1034900005000000FD25FF0FF8B1002080000000AE
:1034A0000526FF0F00000000810000006226FF0FCC
:1034B0000000000007000000AD1FFF0F88B20020D1
:1034C00007000000B21FFF0F8CB2002007000000B1
:1034D0000126FF0FA0B20020800000005D26FF0F34
:1034E00000000000810000002326FF0F0000000004
:1034F000070000009128FF0F3CB2002007000000E9
:103500009928FF0F40B2002007000000FF28FF0F9E
:1035100044B20020800000001E26FF0F00000000C3
:1035200081000000E225FF0F000000000300000002
:10353000D425FF0F8CB8002080000000DD25FF0F90
:1035400000000000810000001A26FF0F00000000AC
:10355000070000009128FF0F48B20020070000007C
:103560009928FF0F4CB2002007000000FF28FF0F32
:1035700050B20020800000001526FF0F0000000060
:10358000810000005226FF0F00000000070000002D
:10359000AD1FFF0FFCB2002007000000B21FFF0F9D
:1035A00000B30020070000000126FF0F04B3002035
:1035B00002000000A61FFF0FFCB1002080000000E9
:1035C0004D26FF0F0000000081000000EF25FF0FD7
:1035D00000000000070000009128FF0F20B300202A
:1035E000070000009928FF0F24B300200700000007
:1035F000FF28FF0F28B3002080000000EA25FF0FFE
:103600000000000081000000CE26FF0F0000000037
:1036100007000000D826FF0F6431002007000000DB
:10362000E326FF0F8031002007000000E926FF0F8E
:103630006831002080000000C926FF0F0000000054
:1036400081000000C527FF0F0000000007000000F8
:103650006C27FF0F88310020070000007527FF0F3F
:10366000F8310020070000007E27FF0F683200209D
:10367000070000008727FF0FD83200200700000056
:103680008F27FF0F48330020070000009727FF0F08
:10369000B833002007000000A927FF0FF8320020F0
:1036A00007000000AD27FF0FFC32002007000000DC
:1036B000B127FF0F00330020070000009F27FF0FF6
:1036C0006833002007000000A227FF0F6C330020A2
:1036D00007000000A527FF0F70330020070000003F
:1036E000B527FF0FD833002007000000B927FF0FD0
:1036F000DC33002007000000BD27FF0FE03300206F
:1037000007000000A827FF0FA831002007000000D5
:10371000AC27FF0FAC31002007000000B027FF0FDF
:10372000B031002007000000B427FF0F88320020CE
:1037300007000000B827FF0F8C32002007000000B0
:10374000BC27FF0F9032002080000000C027FF0F31
:1037500000000000810000000A26FF0F00000000AA
:10376000070000005528FF0F54B300200700000099
:10377000AD1FFF0F5CB3002007000000B21FFF0F5A
:1037800060B30020070000000126FF0F64B3002093
:10379000070000006428FF0F6CB300200700000042
:1037A0006D28FF0F70B30020070000007728FF0F7F
:1037B00074B30020800000000526FF0F0000000009
:1037C00081000000A828FF0F000000000700000093
:1037D0007F28FF0FA8B30020070000008328FF0FF9
:1037E000ACB30020070000008728FF0FB0B3002013
:1037F000070000008B28FF0F88B30020070000009F
:103800009328FF0F8CB30020070000009B28FF0FB8
:1038100090B3002080000000A328FF0F00000000EC
:10382000810000005829FF0F000000000600000082
:103830004729FF0FC4B30020060000004A29FF0FEC
:10384000B8B30020060000004D29FF0FBCB30020D4
:10385000060000005029FF0FC0B3002080000000C8
:083860005329FF0F00000000D6
:083868003CCDFE7F01000000D1
:043870008505FE0FBD
:043874005D05FE0FE1
:10387800FF0000000830002000000000B005FF0F26
:103888009005FF0F7005FF0F00000000000000000A
:103898000000000000000000000000000000000020
:1038A8000000000000000000000000000000000010
:1038B8000000000000000000000000000000000000
:1038C80000000000000000000000000000000000F0
:1038D800000000000000000005000000AAAAAAAA33
:1038E8000000803F494D5839330055434D2D494D0F
:1038F800583933000000000000010000903000201B
:10390800BD85FE0FBD85FE0FBD85FE0F00000000C2
:103918000000000001000000C800000000000000D6
:103928002003000000000000FEFFFFFF0100000070
:10393800640000000000000090010000000000008A
:10394800FEFFFFFF00366E0100943577009435774F
:1039580000CA9A3B00CA9A3B00286BEE00CA9A3B01
:103968000065CD1D0008AF2F0084D71740BE402545
:10397800205FA0120000000000000000000000000E
:1039880000000000000000004796FE0F8597FE0F1C
:103998005997FE0F0000000000000000A00F010171
:1039A80001020000FFFFFFFF00004842000034440E
:1039B80000004842000034440000C8430000803F33
:1039C8000000803F6F12033BCDCC4C3FFFFFFFFF51
:1039D8000600000000000000000000006666663F68
:1039E800643B7F3F0000803F0AD7233D52B87E3FAB
:1039F800000000000000A0410000000000000000DE
:103A080000000000000000000000000000000000AE
:103A1800000000000000000000000000000000009E
:103A28000000000000000000000000000AD7233C4E
:103A3800000000000000000000000000000000007E
:103A4800000000000000000000000000000000006E
:103A58000000C8410000803F000000000000000096
:103A6800000000000000000000000000000000004E
:103A7800000000000000000000000000000000003E
:103A8800000000000000000000000000000000002E
:103A98000000000000000000000000000AD7233CDE
:103AA800000000000000000000000000000000000E
:103AB80000000000000000000000000000000000FE
:103AC8000000C8410000803F000000000000000026
:103AD80000000000000000000000000000000000DE
:103AE80000000000000000000000000000000000CE
:103AF80000000000000000000000000000000000BE
:103B08000000000000000000000000000AD7233C6D
:103B1800000000000000000000000000000000009D
:103B2800000000000000000000000000000000008D
:103B38000000C841000070410000000000000000C3
:103B4800000000000000000000000000000000006D
:103B5800000000000000000000000000000000005D
:103B6800000000000000000000000000000000004D
:103B78000000000000000000000000000AD7233CFD
:103B8800000000000000000000000000000000002D
:103B9800000000000000000000000000000000001D
:103BA80000000040000000000000000000000000CD
:103BB80000000000000000000000000000000000FD
:103BC80000000000000000000000000000000000ED
:103BD80000000000000000000000000000000000DD
:103BE8000000000000000000000000000AD7233C8D
:103BF80000000000000000000000000000000000BD
:103C080000000000000000000000000000000000AC
:103C1800000000400000000000000000000000005C
:103C2800000000000000000000000000000000008C
:103C3800000000000000000000000000000000007C
:103C4800000000000000000000000000000000006C
:103C58000000000000000000000000000AD7233C1C
:103C6800000000000000000000000000000000004C
:103C7800000000000000000000000000000000003C
:103C8800000000400000003F0000000000000000AD
:103C98000000000000000000A08C204E0000803FC3
:103CA8000000803F6F12033D0000803F0080BB444E
:103CB80000000040CDCCCC3E00B8884700606A4781
:103CC80000004843CDCC4C3ECDCCCC3E0000FA435E
:103CD800CDCC4C3DCDCC4C3DCDCCCC3E0000A03F16
:103CE80000409C4600803B4600E80048D229FF0F70
:103CF800D229FF0FD229FF0F30784243015000002C
:103D080000000000000000E7E7E7E7E70000000028
:043D180000C2EB0BEF
:0C3D1C0000000000961BFF0F00000000DC
:040000050FFE0615CF
:00000001FF
